OpCode,Campaign,OLDVideoDirectory,OLDVideoSubdirectory,Vessel,Region,Fjord,Location,SetNo,RepNo,OldSetName,FieldCode,SiteID,SiteID2021,Repeat site from 2021,Reserve,Year,Unit,Camera left,Camera right,Date,Date2,Time in,Time out,Lat deg,Lat min,Long deg,Long min,Depth sounder,Depth sensor,BottomTemp,SST,Wind/sea/â€¦/notes,Bait,Quality,QualityTag,QualityNotes,Comments,Observations,Hapuku,BlackCoral,ToAnnotate,Annotated_date,Annotator,Successful.count,Successful.length,Successful.meancount,Successful.meancount.length,Notes.Success,IDcheck,No.errors,CheckAnnoComments,CheckSpID & MaxN 19/09/2024,Depth,geometry,Name
FLD24_S01_R01_H12-01_EA01_VOID_TORCHFAIL,FLD24,01_EA_NR_140224_R,01_EA_NR_TORCHFAIL_140224_AM,Southern Winds,Fiordland,Dusky Sound,East Anchor,S01,R01,EastAnchor_NR_20240214_AM,EA01,EA01,NA,Yes,NR,2024,H12-01,H12-01L,H12-01R,2024-02-14T00:00:00Z,20240214,09:31,NA,45,45.864,166,32.443,55.5,NA,NA,15.7,"24 kt N, SS2, low incoming",1 kg crushed skipjack tuna,Bad,_VOID_TORCHFAIL,Torches failed; void deployment,Failed torch,NA,NA,NA,No,NA,NA,No,No,No,No,NA,NA,NA,NA,NA,55.5,"c(166.540716666667, -45.7644)",DZ2
FLD24_S01_R02_H12-02_EA02,FLD24,01_EA_NR_140224_R,02_EA_NR_140224_AM,Southern Winds,Fiordland,Dusky Sound,East Anchor,S01,R02,EastAnchor_NR_20240214_AM,EA02,EA02,EA02,Yes,NR,2024,H12-02,H12-02L,H12-02R,2024-02-14T00:00:00Z,20240214,09:42,NA,45,45.665,166,32.212,18.2,23,15,15.7,"24 kt N, SS2, low incoming",1 kg crushed skipjack tuna,Good,NA,NA,NA,"Sand/red algae; sea cucumber; lots of blue cod, schoolie (2 different animals in video, same animal from P18.07.82-end of transect. This animal was chasing blue cod at P33.06.42)",NA,NA,Done,20240326,Alex Burton,Yes,Yes,Yes,Yes,NA,NA,NA,NA,NA,23,"c(166.536866666667, -45.7610833333333)",DZ2
FLD24_S01_R03_H12-03_EA03,FLD24,01_EA_NR_140224_R,03_EA_NR_140224_AM,Southern Winds,Fiordland,Dusky Sound,East Anchor,S01,R03,EastAnchor_NR_20240214_AM,EA03,EA03,EA03,Yes,NR,2024,H12-03,H12-03L,H12-03R,2024-02-14T00:00:00Z,20240214,09:52,NA,45,45.54,166,32.677,76.8,79,11.9,15.7,"24 kt N, SS2, low incoming",1 kg crushed skipjack tuna,Good,NA,NA,NA,"Sand/silt, MaxN and AD MaxN for blue cod the same, Up to 3 hagfish present. Slime defense notes at 54:09.08. Gastropod seen at 08:43.99",NA,NA,Done,20240326,Alex Burton,Yes,Yes,Yes,Yes,NA,NA,NA,NA,NA,79,"c(166.544616666667, -45.759)",DZ2
FLD24_S01_R04_H12-04_EA08_TILTED,FLD24,01_EA_NR_140224_R,08_EA_NR_140224_AM,Southern Winds,Fiordland,Dusky Sound,East Anchor,S01,R04,EastAnchor_NR_20240214_AM,EA08,EA08,NA,No,NR,2024,H12-04,H12-04L,H12-04R,2024-02-14T00:00:00Z,20240214,10:27,NA,45,46.202,166,33.207,17.8,17,15,15.7,"24 kt N, SS4, low incoming",1 kg crushed skipjack tuna,OK,_TILTED,"Tilted upwards, but ok",Alternate location; tilted up; white board mentions EA04,"Sand/slit and algae. Unknwon small fish species at 00:03.40. BRUV was intermittedly rocking. Both juvenile and adult N.cinctus observed. Small fish darting around, unsure if goby, blenny, or triplefin. 2x J.edwardsii spotted at 19:43.65 (maxN = 2), one of these crayfish became aggressive towards an adult P.colais at 48:29.34. BRUV tilted back further to point that only could see sea surface. School of small fish observered at 41:41.17 and again at 51:37.33, suggested ID F.maryannae but needs to be checked",NA,NA,Done,20240327,Alex Burton,Yes,Yes,Yes,Yes,NA,NA,NA,NA,NA,17,"c(166.55345, -45.7700333333333)",DZ2
FLD24_S01_R05_H12-05_EA05,FLD24,01_EA_NR_140224_R,05_EA_NR_140224_AM,Southern Winds,Fiordland,Dusky Sound,East Anchor,S01,R05,EastAnchor_NR_20240214_AM,EA05,EA05,EA05,Yes,NR,2024,H12-05,H12-05L,H12-05R,2024-02-14T00:00:00Z,20240214,10:05,NA,45,45.766,166,33.788,37.4,65,12.1,15.7,"24 kt N, SS4, low incoming",1 kg crushed skipjack tuna,Good,NA,NA,NA,"Sand/silt, very little until last five minutes of transect. Small fish around  @ 09:48.99 unsure of ID but look similar to sandburrower or opal fish. Blue cod chasing Tarakihi at 56:13.24.",NA,NA,Done,20240327,Alex Burton,Yes,Yes,Yes,Yes,NA,NA,NA,NA,NA,65,"c(166.563133333333, -45.7627666666667)",DZ2
FLD24_S01_R06_H12-06_EA06,FLD24,01_EA_NR_140224_R,06_EA_NR_140224_AM,Southern Winds,Fiordland,Dusky Sound,East Anchor,S01,R06,EastAnchor_NR_20240214_AM,EA06,EA06,EA06,Yes,NR,2024,H12-06,H12-06L,H12-06R,2024-02-14T00:00:00Z,20240214,10:15,NA,45,45.932,166,33.151,83.6,86,11.8,15.7,"24 kt N, SS4, low incoming",1 kg crushed skipjack tuna,Good,NA,NA,NA,"Sand/silt, interstital worms, very little. Little animals dragging themselves across sediment at start of transect, species unknown. Similar silver firsh with narrow sharp head to that of EA05 appeared again, questioning a sandburrower or opal fish. Fish pelvic fins witnessed at start of the transect, likely wrasse fins. 2 sea perchs were seen @ P17:24.14. Zoo plankton continuously playing in the light. Sea perch being chased by 7gill shark @ P 32:30.48",NA,NA,Done,20240327,Alex Burton,Yes,Yes,Yes,Yes,NA,NA,NA,NA,NA,86,"c(166.552516666667, -45.7655333333333)",DZ2
FLD24_S02_R01_H12-01_LC01,FLD24,02_LC_NR_140224_R,01_LC_NR_140224_PM,Southern Winds,Fiordland,Dusky Sound,Luncheon Cove,S02,R01,LuncheonCove_NR_20240214_PM,LC01,LC01,LC01,Yes,NR,2024,H12-01,H12-01L,H12-01R,2024-02-14T00:00:00Z,20240214,14:17,NA,45,46.603,166,29.67,35.9,NA,NA,15.6,"30 kt N, SS4.5, mid-high tide",1 kg crushed skipjack tuna,Good,NA,NA,Whiteboard mentions LCO1a. No chop. Depth used = sounder,"Sand with loose brown algae; 2x gastropods sighted @ P02:29.78, 2x hermit crabs seen @ P07:48.80, 2x scarlet wrasse seen at P 41:03.49. Same school shark swam around BRUV from first appearance to end of the transect",NA,NA,Done,20240327,Alex Burton,Yes,Yes,Yes,Yes,NA,NA,NA,NA,NA,35.9,"c(166.4945, -45.7767166666667)",DZ1
FLD24_S02_R02_H12-02_LC02,FLD24,02_LC_NR_140224_R,02_LC_NR_140224_PM,Southern Winds,Fiordland,Dusky Sound,Luncheon Cove,S02,R02,LuncheonCove_NR_20240214_PM,LC02,LC02,LC02,Yes,NR,2024,H12-02,H12-02L,H12-02R,2024-02-14T00:00:00Z,20240214,14:24,NA,45,46.225,166,29.891,20,23,15,15.7,"Sheltered, SS2, mid-high tide",1 kg crushed skipjack tuna,Good,NA,NA,NA,"Sand/rubble, 2 separate school sharks seen in transect, 1 male and 1 female (adjust SCH maxN =2). Blue cod attacking each other @ P23:43.36. Male spotty cleaning @ P39:22.76. Juv P.colais also cleaning @ P41:55.55. Mature female M.lenticulatus spotted @ P52:31.48. J_MaxN and MaxN for P.colais the same",NA,NA,Done,20240328,Alex Burton,Yes,Yes,Yes,Yes,NA,NA,NA,NA,NA,23,"c(166.498183333333, -45.7704166666667)",DZ1
FLD24_S02_R03_H12-03_LC03,FLD24,02_LC_NR_140224_R,03_LC_NR_140224_PM,Southern Winds,Fiordland,Dusky Sound,Luncheon Cove,S02,R03,LuncheonCove_NR_20240214_PM,LC03,LC03,LC03,Yes,NR,2024,H12-03,H12-03L,H12-03R,2024-02-14T00:00:00Z,20240214,14:32,NA,45,46.513,166,30.345,29.3,34,14.2,15.7,"Sheltered, SS2, mid-high tide",1 kg crushed skipjack tuna,Good,NA,NA,NA,"Sand near rocky reef; Large brittle stars moving towards bait canister at start of the transect. Juvenile blue cod attacjing each other @ 11:023.36. Mature male school shark distinguished by scar on right trunk above pelvic fins and black dot on left trunk, same individual seen throughout video. Blue cod cleaning @ 42:01.32. Possible N.macropterus @ 47:47.15 but possibly another species as black band not prominent - may be due to lights. Juvenile maxN is the same as no of juveniles in MaxN",NA,NA,Done,20240328,Alex Burton,Yes,Yes,Yes,Yes,NA,NA,NA,NA,NA,34,"c(166.50575, -45.7752166666667)",DZ1
FLD24_S02_R04_H12-04_LC04_VOID_TORCHFAIL,FLD24,02_LC_NR_140224_R,04_LC_NR_FAILTORCH_140224_PM,Southern Winds,Fiordland,Dusky Sound,Luncheon Cove,S02,R04,LuncheonCove_NR_20240214_PM,LC04,LC04,LC04,Yes,NR,2024,H12-04,H12-04L,H12-04R,2024-02-14T00:00:00Z,20240214,14:45,NA,45,46.654,166,30.875,81,81,12,15.7,"Sheltered, SS3, mid-high tide",1 kg crushed skipjack tuna,Bad,_VOID_TORCHFAIL,Torches failed; void deployment,Failed torch,X,NA,NA,No,NA,NA,No,No,No,No,NA,NA,NA,NA,NA,81,"c(166.514583333333, -45.7775666666667)",DZ1
FLD24_S02_R05_H12-05_LC08,FLD24,02_LC_NR_140224_R,08_LC_NR_140224_PM,Southern Winds,Fiordland,Dusky Sound,Luncheon Cove,S02,R05,LuncheonCove_NR_20240214_PM,LC08,LC08,LC05,No,NR,2024,H12-05,H12-05L,H12-05R,2024-02-14T00:00:00Z,20240214,15:12,NA,45,45.932,166,31.751,31.1,40,14.6,15.7,NA,1 kg crushed skipjack tuna,Good,NA,NA,Whiteboard mentions LC05,"Cobble, at least three different school sharks spotted, 1 male and at least 2 different females, adapted maxN=3. Instance where two females in same frame but unable to tell if they had come through beforehand (couldn't see distinguishing features. Adult blue cod chasing other juveniles away from bait canister @ P59:07:04",NA,NA,Done,20240328,Alex Burton,Yes,Yes,Yes,Yes,NA,NA,NA,NA,NA,40,"c(166.529183333333, -45.7655333333333)",DZ1
FLD24_S02_R06_H12-06_LC06,FLD24,02_LC_NR_140224_R,06_LC_NR_140224_PM,Southern Winds,Fiordland,Dusky Sound,Luncheon Cove,S02,R06,LuncheonCove_NR_20240214_PM,LC06,LC06,LC06,Yes,NR,2024,H12-06,H12-06L,H12-06R,2024-02-14T00:00:00Z,20240214,15:00,NA,45,46.287,166,31.955,42.3,42,14.4,15.7,"30 kt N, SS4.5, high tide",1 kg crushed skipjack tuna,Good,NA,NA,SAME LEFT VIDEOS AS AI06,"Sand/red algae, blue cod, schoolies",NA,NA,Done,NA,Odette Howarth,Yes,Check,Redo,Check,Random meancount periods?,probably ok,NA,NA,Yes (fixed maxn),42,"c(166.532583333333, -45.77145)",DZ1
FLD24_S03_R01_H12-01_AI07,FLD24,03_AI_NR_150224,07_AI_NR_150224_AM,Southern Winds,Fiordland,Dusky Sound,Anchor Island,S03,R01,AnchorIsland_NR_20240215_AM,AI07,AI07,NA,No,NR,2024,H12-01,H12-01L,H12-01R,2024-02-15T00:00:00Z,20240215,10:45,NA,45,43.947,166,31.631,49.1,NA,NA,15.7,NA,1 kg crushed skipjack tuna,Good,NA,NA,"Video whiteboard says ""AI01"" & 140224","Sand/silt, hermit crabs spotted at start of the transect. Tarakihi chasing another tarakihi @ P19:11.92. 2x Kingfish seen @ P19:37.01. No sign of reported school shark during transect. Lengths for adult P.colais at AD_MaxN_length are the same at MaxN_length",NA,NA,Done,20240329,Alex Burton,Yes,Yes,Yes,Yes,NA,NA,NA,NA,NA,49.1,"c(166.527183333333, -45.73245)",DZ2
FLD24_S03_R02_H12-02_AI08,FLD24,03_AI_NR_150224,08_AI_NR_150224_AM,Southern Winds,Fiordland,Dusky Sound,Anchor Island,S03,R02,AnchorIsland_NR_20240215_AM,AI08,AI08,NA,No,NR,2024,H12-02,H12-02L,H12-02R,2024-02-15T00:00:00Z,20240215,10:53,NA,45,44.322,166,31.514,30,21,15,15.6,NA,1 kg crushed skipjack tuna,Good,NA,NA,"Video whiteboard says ""AI02"" & 140224","Kelp forest on rock ridge. BC sync had to be done before start of transect as no clear line of sight to baitcanister once amongst the kelp fronds. MaxN's and meancounts may be off due to this as well. Cooks turban observed on Ecklonia. Throughout most of video large schools of Scarlet wrasse (mixture of males, females, and juveniles) and butterfly perch. Large female school shark observed @ P17:49.97, was the same shark seen throughout the video. She has a copepod above right eye and a white mark above right pelvic fin. On the left side she has  a healed wound above the pectoral fin and white dot above pelvic fin. 1st dorsal also has some black shading on the margin near the apex. She was slim, and had no sign of cloacal swelling or bruising. She got kelp stuck in her teeth multiple times and tried to dislodge it, this could be mistaken for predation events. School of large fish with silver/reflective skin seen in distance @ P55:07.30. For P.colais length at MaxN and AD_MaxN are the same as it is the same individual",NA,NA,Done,20240329,Alex Burton,Yes,Yes,Yes,Yes,NA,NA,NA,NA,NA,21,"c(166.525233333333, -45.7387)",DZ1
FLD24_S03_R03_H12-03_AI09,FLD24,03_AI_NR_150224,09_AI_NR_150224_AM,Southern Winds,Fiordland,Dusky Sound,Anchor Island,S03,R03,AnchorIsland_NR_20240215_AM,AI09,AI09,NA,No,NR,2024,H12-03,H12-03L,H12-03R,2024-02-15T00:00:00Z,20240215,11:02,NA,45,44.896,166,31.084,38,38,14.5,15.8,NA,1 kg crushed skipjack tuna,Good,NA,NA,"Video whiteboard initially says ""AI03"" then changed to ""AI09""","Sand/silt, Blue moki @ P11:13.21? For P.colais, AD_maxN length = MaxN_length as occur at same time. J_MaxN likely higher due to mis-ID of adults. Mean count lengths @ P50:00:00 for P.colais adults same as those for AD_MaxN",NA,NA,Done,20240329,Alex Burton,Yes,Yes,Yes,Yes,NA,NA,NA,NA,NA,38,"c(166.518066666667, -45.7482666666667)",DZ1
FLD24_S03_R04_H12-04_AI10,FLD24,03_AI_NR_150224,10_AI_NR_150224_AM,Southern Winds,Fiordland,Dusky Sound,Anchor Island,S03,R04,AnchorIsland_NR_20240215_AM,AI10,AI10,NA,No,NR,2024,H12-04,H12-04L,H12-04R,2024-02-15T00:00:00Z,20240215,11:08,NA,45,44.674,166,30.599,27,28,14.7,15.7,NA,1 kg crushed skipjack tuna,Good,NA,NA,J.edwardsii unable to be assigned in eventmeasure despite use of updated species list,Pretty reef/rocky reef ledge. sync was 95mm+-1mm. J.edwardsii maxN = 1. School shark maxN (females only seen) was 6. Most seen in anyone frame was 3 and potentially up to 9 observered in the transect. School sharks were seen chasing one another at P28:10.12. There was also a female with a recent bit mark potentially inflicted by another school shark so could have been competitive behaviour. Scarlet wrasse was observed to chase a Tarakihi @ P54:16.35/ JMax_length is the same as MaxN length. Meancount @ P60:00:00 for J.edwardsii was 1,NA,NA,Done,20240403,Alex Burton,Yes,Yes,Yes,Yes,NA,NA,NA,NA,NA,28,"c(166.509983333333, -45.7445666666667)",DZ1
FLD24_S03_R05_H12-05_AI11,FLD24,03_AI_NR_150224,11_AI_NR_150224_AM,Southern Winds,Fiordland,Dusky Sound,Anchor Island,S03,R05,AnchorIsland_NR_20240215_AM,AI11,AI11,NA,No,NR,2024,H12-05,H12-05L,H12-05R,2024-02-15T00:00:00Z,20240215,11:20,NA,45,44.771,166,30.094,70,71,12.3,15.7,NA,1 kg crushed skipjack tuna,Good,NA,NA,NA,"Pretty rocky reef (BRUV on edge of slope), black coral, gorgonians, trumpeter, Coral and rock blocking the light - limited vis. Adult blue cod attacking each other @ P11:34.86. Adult blue cod also attacked a hagfish @ P24:55.66, hagfish ejected slime as defence. School shark maxN = 2, one female @ P26:40.10 and an adult male @ P36:26.48. Other school sharks observed but unable to tell if same individuals or not. However, visual maxN = 1. Squalus griffini female seen @ P48:51.60. 3x hagfish seen @ P53:59.34",NA,yes,Done,20240404,Alex Burton,Yes,Yes,Yes,Yes,NA,NA,NA,NA,NA,71,"c(166.501566666667, -45.7461833333333)",DZ1
FLD24_S03_R06_H12-06_AI12,FLD24,03_AI_NR_150224,12_AI_NR_150224_AM,Southern Winds,Fiordland,Dusky Sound,Anchor Island,S03,R06,AnchorIsland_NR_20240215_AM,AI12,AI12,NA,No,NR,2024,H12-06,H12-06L,H12-06R,2024-02-15T00:00:00Z,20240215,11:27,NA,45,45.014,166,30.003,69.2,71,12.3,15.7,NA,1 kg crushed skipjack tuna,Good,NA,NA,SAME LEFT VIDEOS AS AI12,"Sand/silt/red algae, blue cod, hagfish, schoolies",NA,NA,Done,NA,Odette Howarth,Yes,Redo,Check,Check,NA,NA,NA,NA,Yes,71,"c(166.50005, -45.7502333333333)",DZ1
FLD24_S04_R01_H12-01_AI01,FLD24,04_AI_NR_150224_R,01_AI_NR_150224_MID,Southern Winds,Fiordland,Dusky Sound,Anchor Island,S04,R01,AnchorIsland_NR_20240215_MID,AI01,AI01,AI01,Yes,NR,2024,H12-01,H12-01L,H12-01R,2024-02-15T00:00:00Z,20240215,14:05,NA,45,45.003,166,31.549,41.8,NA,NA,15.7,"11 kt SW, SS2, low tide",1 kg crushed skipjack tuna,Good,NA,NA,On first data sheet,"Sand/red algae, Juvenile blue cod hiding in the red algae which made counts underestimate true cod in the frame. Potential predation of blue cod by school shark (mouthed) @ P56:28.49. Juvenile maxN length = maxN length",NA,NA,Done,20240419,Alex Burton,Yes,Yes,Yes,Yes,NA,NA,NA,NA,NA,41.8,"c(166.525816666667, -45.75005)",DZ1
FLD24_S04_R02_H12-02_AI02,FLD24,04_AI_NR_150224_R,02_AI_NR_150224_MID,Southern Winds,Fiordland,Dusky Sound,Anchor Island,S04,R02,AnchorIsland_NR_20240215_MID,AI02,AI02,AI02,Yes,NR,2024,H12-02,H12-02L,H12-02R,2024-02-15T00:00:00Z,20240215,14:13,NA,45,44.687,166,31,75.8,79,12.2,15.8,"11 kt SW, SS2, low tide",1 kg crushed skipjack tuna,Good,NA,NA,On first data sheet; wrong coordinates corrected 14/02/2025,"Sand, blue cod, schoolie, hagfish, gurnard",NA,NA,Done,NA,Odette Howarth,Yes,Check,Check,Check,NA,NA,NA,NA,Yes,79,"c(166.516666666667, -45.7447833333333)",DZ1
FLD24_S04_R03_H12-03_AI03_OBSCURED,FLD24,04_AI_NR_150224_R,03_AI_NR_150224_MID,Southern Winds,Fiordland,Dusky Sound,Anchor Island,S04,R03,AnchorIsland_NR_20240215_MID,AI03,AI03,AI03,Yes,NR,2024,H12-03,H12-03L,H12-03R,2024-02-15T00:00:00Z,20240215,14:21,NA,45,44.41,166,31.518,27.2,20,14.8,15.8,"11 kt SW, SS2, low tide",1 kg crushed skipjack tuna,OK,_OBSCURED,Obscured by kelp,"On first data sheet, obscured by kelp","Kelp, blue cod",NA,NA,Done,NA,Odette Howarth,Yes,Check,Check,Check,Should redo using right video,yes,2,luculentus => celidotus; longimanus -> lepidoptera; sp -> maryannae; sp -> atun,Yes,20,"c(166.5253, -45.7401666666667)",DZ1
FLD24_S04_R04_H12-04_AI04,FLD24,04_AI_NR_150224_R,04_AI_NR_150224_MID,Southern Winds,Fiordland,Dusky Sound,Anchor Island,S04,R04,AnchorIsland_NR_20240215_MID,AI04,AI04,AI04,Yes,NR,2024,H12-04,H12-04L,H12-04R,2024-02-15T00:00:00Z,20240215,14:31,NA,45,43.819,166,32.407,78.4,83,11.6,16,"11 kt SW, SS2, low tide",1 kg crushed skipjack tuna,Good,NA,NA,On first data sheet,"Sand/silt, school shark seen @ P11:28.89 - ahs hook in left corner of jaw. Scars on left trunk between pec, pel, and 1st dorsal fin. Sevengill seen @P15:16.48. Same individual for rest of transect. Conger eel at P33:57.54. Similar sized blue cod seen throughout transect - potentially the same individual. Unidentified long sliver fish spotted @ P37:59.74. Blue cod AD_maxN_length the same as MaxN length",NA,NA,Done,20240417,Alex Burton,Yes,Yes,Yes,Yes,NA,NA,NA,NA,NA,83,"c(166.540116666667, -45.7303166666667)",DZ2
FLD24_S04_R05_H12-05_AI05,FLD24,04_AI_NR_150224_R,05_AI_NR_150224_MID,Southern Winds,Fiordland,Dusky Sound,Anchor Island,S04,R05,AnchorIsland_NR_20240215_MID,AI05,AI05,AI05,Yes,NR,2024,H12-05,H12-05L,H12-05R,2024-02-15T00:00:00Z,20240215,14:41,NA,45,44.475,166,32.786,51,54,13.4,16,"11 kt SW, SS2, low tide",1 kg crushed skipjack tuna,Good,NA,NA,On first data sheet,"Sand/silt, blue cod, schoolie",NA,NA,Done,NA,Odette Howarth,Yes,Check,Check,Check,NA,NA,NA,NA,Yes,54,"c(166.546433333333, -45.74125)",DZ2
FLD24_S04_R06_H12-06_AI06_RIGHTONLY,FLD24,04_AI_NR_150224_R,06_AI_NR_150224_MID,Southern Winds,Fiordland,Dusky Sound,Anchor Island,S04,R06,AnchorIsland_NR_20240215_MID,AI06,AI06,AI06,Yes,NR,2024,H12-06,H12-06L,H12-06R,2024-02-15T00:00:00Z,20240215,14:47,NA,45,44.503,166,33.333,35,29,14.6,15.4,"11 kt SW, SS2, low tide",1 kg crushed skipjack tuna,Good,_RIGHTONLY,NA,On first data sheet,"Sand/silt/red algae, blue cod, hagfish, schoolie",NA,NA,Done,NA,Odette Howarth,Yes,No,No,No,NA,yes,2,luculentus => celidotus,Yes,29,"c(166.55555, -45.7417166666667)",DZ2
FLD24_S05_R01_H12-01_EA01,FLD24,01_EA_NR_140224_R,01_EA_NR_150224_MID,Southern Winds,Fiordland,Dusky Sound,East Anchor,S05,R01,EastAnchor_NR_20240215_PM,EA01,EA01,EA01,Yes,NR,2024,H12-01,H12-01L,H12-01R,2024-02-15T00:00:00Z,20240215,16:33,NA,45,45.864,166,32.455,57,NA,NA,16.3,NA,1 kg crushed skipjack tuna,Good,NA,NA,Redo after torch fail,"Sand/silt, Possible red gurnard @ P08:08.12, looked to crawl over the ground and had a large pec fin with a lightly coloured outer margin. Other fish species: opalfish, blue cod.  Invertebrates: Coral like structure to left of left camera, sea pen in distance? Interstial worms/polychaetes",NA,NA,Done,20240511,Alex Burton,Yes,Yes,Yes,Yes,NA,yes,0,cannot id sp,NA,57,"c(166.540916666667, -45.7644)",DZ2
FLD24_S05_R02_H12-02_EA04,FLD24,01_EA_NR_140224_R,04_EA_NR_150224_PM,Southern Winds,Fiordland,Dusky Sound,East Anchor,S05,R02,EastAnchor_NR_20240215_PM,EA04,EA04,EA04,Yes,NR,2024,H12-02,H12-02L,H12-02R,2024-02-15T00:00:00Z,20240215,16:45,NA,45,45.429,166,33.505,28.4,30,14.8,16.3,NA,1 kg crushed skipjack tuna,Good,NA,NA,NA,"Sand with loose algae. Potential reef to the left of the camera. Unknown fish patrolling reef around 21:00.00, possibly a blue cod. Another unknown species, most likely a tarakihi but could also be a trumpter. 3x tarakihi seen after the transect",NA,NA,Done,20240525,Alex Burton,Yes,Yes,Yes,Yes,NA,NA,NA,NA,NA,30,"c(166.558416666667, -45.75715)",DZ2
FLD24_S05_R03_H12-03_EA07,FLD24,01_EA_NR_140224_R,07_EA_NR_150224_PM,Southern Winds,Fiordland,Dusky Sound,East Anchor,S05,R03,EastAnchor_NR_20240215_PM,EA07,EA07,NA,No,NR,2024,H12-03,H12-03L,H12-03R,2024-02-15T00:00:00Z,20240215,16:55,NA,45,45.233,166,34.304,43.1,38,14.4,16.3,NA,1 kg crushed skipjack tuna,Good,NA,NA,Wrong coordinates corrected 13/02/2025,"Sand/silt, opalfish",NA,NA,Done,NA,Odette Howarth,Yes,Check,Check,Check,NA,yes,NA,NA,Yes,38,"c(166.571733333333, -45.7538833333333)",DZ2
FLD24_S05_R04_H12-04_LC04,FLD24,02_LC_NR_140224_R,04_LC_NR_150224_PM,Southern Winds,Fiordland,Dusky Sound,Luncheon Cove,S05,R04,LuncheonCove_NR_20240215_PM,LC04,LC04,LC04,Yes,NR,2024,H12-04,H12-04L,H12-04R,2024-02-15T00:00:00Z,20240215,17:19,NA,45,46.66,166,30.91,75,86,11.8,16.4,NA,1 kg crushed skipjack tuna,Good,NA,NA,NA,"Sand/silt, nothing",NA,NA,Done,NA,Odette Howarth,Yes,Check,Check,Check,NA,probably ok,NA,NA,Yes (removed H. monopterygius),86,"c(166.515166666667, -45.7776666666667)",DZ1
FLD24_S05_R05_H12-05_LC05,FLD24,02_LC_NR_140224_R,05_LC_NR_150224_MID,Southern Winds,Fiordland,Dusky Sound,Luncheon Cove,S05,R05,LuncheonCove_NR_20240215_PM,LC05,LC05,LC05,Yes,NR,2024,H12-05,H12-05L,H12-05R,2024-02-15T00:00:00Z,20240215,17:28,NA,45,46.545,166,31.406,45.1,45,14.7,16.5,NA,1 kg crushed skipjack tuna,Good,NA,NA,NA,"Sand/silt, blue cod, not much",NA,NA,Done,NA,Odette Howarth,Yes,Check,Check,Check,NA,probably ok,NA,NA,Yes (removed H. monopterygius),45,"c(166.523433333333, -45.77575)",DZ1
FLD24_S05_R06_H12-06_LC07,FLD24,02_LC_NR_140224_R,07_LC_NR_150224_PM,Southern Winds,Fiordland,Dusky Sound,Luncheon Cove,S05,R06,LuncheonCove_NR_20240215_PM,LC07,LC07,NA,No,NR,2024,H12-06,H12-06L,H12-06R,2024-02-15T00:00:00Z,20240215,17:38,NA,45,46.158,166,31.206,28.9,30,15.1,16.5,NA,1 kg crushed skipjack tuna,Good,NA,NA,NA,"Sand/silt, opalfish, not much",NA,NA,Done,NA,Odette Howarth,Yes,Check,Check,Check,NA,probably ok,NA,NA,Yes,30,"c(166.5201, -45.7693)",DZ1
FLD24_S06_R01_H12-01_FF01,FLD24,05_FF_MR_160224_R,01_FF_MR_160224_AM_R,Southern Winds,Fiordland,Dusky Sound,Five Fingers,S06,R01,FiveFingers_MR_20240216_AM,FF01,FF01,FF01,Yes,MR,2024,H12-01,H12-01L,H12-01R,2024-02-16T00:00:00Z,20240216,10:00,NA,45,42.349,166,34.263,31.1,NA,NA,15.7,"Calm, overcast/rain",1 kg crushed skipjack tuna,Good,NA,NA,NA,"Hapuku (51.41), 7gill",yes,NA,Done,NA,Odette Howarth,Yes,Check,Check,Check,NA,yes,NA,NA,Yes (added a blue cod to the MaxN frame),31.1,"c(166.57105, -45.7058166666667)",DR2
FLD24_S06_R02_H12-02_FF02,FLD24,05_FF_MR_160224_R,02_FF_MR_160224_AM_R,Southern Winds,Fiordland,Dusky Sound,Five Fingers,S06,R02,FiveFingers_MR_20240216_AM,FF02,FF02,FF02,Yes,MR,2024,H12-02,H12-02L,H12-02R,2024-02-16T00:00:00Z,20240216,10:06,NA,45,42.255,166,33.697,49.6,52,12.5,15.7,"Calm, overcast/rain",1 kg crushed skipjack tuna,Good,NA,NA,NA,"Brown algae snagged on baitcanister for 19minutes. Assorted algae drifting past in current.. Blue cod attacked a hagfish @P19:34.04, slime response as a result. Blue cod in future frame seen trying to dislodge slime from gills. School shark seen swimming frantically @P25:07.94. Not sure if it is the same shark seen before the start of the inital period",NA,NA,Done,20240511,Alex Burton,Yes,Yes,Yes,Yes,NA,NA,NA,NA,NA,52,"c(166.561616666667, -45.70425)",DR2
FLD24_S06_R03_H12-03_FF03,FLD24,05_FF_MR_160224_R,03_FF_MR_160224_AM_R,Southern Winds,Fiordland,Dusky Sound,Five Fingers,S06,R03,FiveFingers_MR_20240216_AM,FF03,FF03,FF03,Yes,MR,2024,H12-03,H12-03L,H12-03R,2024-02-16T00:00:00Z,20240216,10:12,NA,45,42.216,166,33.07,58,63,12,15.7,"Calm, overcast/rain",1 kg crushed skipjack tuna,Good,NA,NA,NA,"School shark, carpet shark, gurnard",NA,NA,Done,NA,Odette Howarth,Yes,Check,Check,Check,NA,yes,NA,NA,Yes,63,"c(166.551166666667, -45.7036)",DR2
FLD24_S06_R04_H12-04_FF04,FLD24,05_FF_MR_160224_R,04_FF_MR_160224_AM_R,Southern Winds,Fiordland,Dusky Sound,Five Fingers,S06,R04,FiveFingers_MR_20240216_AM,FF04,FF04,FF04,Yes,MR,2024,H12-04,H12-04L,H12-04R,2024-02-16T00:00:00Z,20240216,10:21,NA,45,42.038,166,32.471,82,86,11.7,15.7,"Calm, overcast/rain",1 kg crushed skipjack tuna,Good,NA,NA,NA,"School shark, crayfish",NA,NA,Done,NA,Odette Howarth,Yes,Check,Redo,Redo,Meancounts missing,yes,NA,NA,Yes,86,"c(166.541183333333, -45.7006333333333)",DR2
FLD24_S06_R05_H12-05_FF05,FLD24,05_FF_MR_160224_R,05_FF_MR_160224_AM_R,Southern Winds,Fiordland,Dusky Sound,Five Fingers,S06,R05,FiveFingers_MR_20240216_AM,FF05,FF05,FF05,Yes,MR,2024,H12-05,H12-05L,H12-05R,2024-02-16T00:00:00Z,20240216,10:30,NA,45,41.6,166,32.628,22.3,25,14.5,15.4,"Calm, overcast/rain",1 kg crushed skipjack tuna,Good,NA,NA,NA,Sand with rock (brown algae attached) as well as scattered rock and algae on sand. 2 different individual school sharks identified.,NA,NA,Done,20240526,Alex Burton,Yes,Yes,Yes,Yes,NA,NA,NA,NA,NA,25,"c(166.5438, -45.6933333333333)",DR2
FLD24_S06_R06_H12-06_FF06_RIGHTONLY,FLD24,05_FF_MR_160224_R,06_FF_MR_160224_AM_R,Southern Winds,Fiordland,Dusky Sound,Five Fingers,S06,R06,FiveFingers_MR_20240216_AM,FF06,FF06,FF06,Yes,MR,2024,H12-06,H12-06L,H12-06R,2024-02-16T00:00:00Z,20240216,10:42,NA,45,41.505,166,33.392,15.4,18,14.6,15.4,"Calm, overcast/rain",1 kg crushed skipjack tuna,Good,_RIGHTONLY,NA,Only right videos,No blackboard; fog on video; 7gill,NA,NA,Done,NA,Odette Howarth,Yes,No,Check,No,NA,yes,2,cardinalis => papilosus; porosus => bachus,Yes,18,"c(166.556533333333, -45.69175)",DR2
FLD24_S07_R01_H12-01_FF07,FLD24,05_FF_MR_160224_R,07_FF_MR_160224_PM,Southern Winds,Fiordland,Dusky Sound,Five Fingers,S07,R01,FiveFingers_MR_20240216_PM,FF07,FF07,NA,No,MR,2024,H12-01,H12-01L,H12-01R,2024-02-16T00:00:00Z,20240216,13:53,NA,45,41.333,166,31.831,28.5,NA,NA,15.4,"Calm, overcast/rain",1 kg crushed skipjack tuna,Good,NA,NA,NA,"Kelpie, schoolie",NA,NA,Done,NA,Odette Howarth,Yes,Check,Check,Check,NA,yes,NA,NA,Yes,28.5,"c(166.530516666667, -45.6888833333333)",DR2
FLD24_S07_R02_H12-02_FF08,FLD24,05_FF_MR_160224_R,08_FF_MR_160224_PM,Southern Winds,Fiordland,Dusky Sound,Five Fingers,S07,R02,FiveFingers_MR_20240216_PM,FF08,FF08,NA,No,MR,2024,H12-02,H12-02L,H12-02R,2024-02-16T00:00:00Z,20240216,14:00,NA,45,41.612,166,31.437,24.2,28,14.2,15.4,"Calm, overcast/rain",1 kg crushed skipjack tuna,Good,NA,NA,"Rock obscuring left camera. Can't see behind it. Used right camera for maxN and meancounts, however, measurements of all animals at those points could not be done. Sync done before seafloor contact as cansiter was also obscured by the rock","Sand with rocks. Rock covered in coralline red algae. brown algae, songes. Loose algae and rocks scattered behind main rock. Visual maxN for G.galeus was 2; however, actual maxN = 5. For maxN of J.edwardsii, based on visually seen individuals as well as no. of antennae. MaxN lgth for blue cod is for both overall blue cod maxN but also the juvenile blue cod maxN as it occured at the same time (this was not noted at the time, comment for both is maxN_lgth).",NA,NA,Done,20240608,Alex Burton,Yes,Yes,Yes,Yes,NA,NA,NA,NA,NA,28,"c(166.52395, -45.6935333333333)",DR2
FLD24_S07_R03_H12-03_FF09,FLD24,05_FF_MR_160224_R,09_FF_MR_160224_PM,Southern Winds,Fiordland,Dusky Sound,Five Fingers,S07,R03,FiveFingers_MR_20240216_PM,FF09,FF09,NA,No,MR,2024,H12-03,H12-03L,H12-03R,2024-02-16T00:00:00Z,20240216,14:05,NA,45,41.92,166,31.087,24.4,27,14.3,15.7,"Calm, overcast/rain",1 kg crushed skipjack tuna,Good,NA,NA,NA,"Opalfish, schoolies, crayfish",NA,NA,Done,NA,Odette Howarth,Yes,Check,Check,Check,NA,yes,0,sp10 => edwardsii,Yes (corrected blue cod maxn),27,"c(166.518116666667, -45.6986666666667)",DR2
FLD24_S07_R04_H12-04_FF10,FLD24,05_FF_MR_160224_R,10_FF_MR_160224_PM,Southern Winds,Fiordland,Dusky Sound,Five Fingers,S07,R04,FiveFingers_MR_20240216_PM,FF10,FF10,NA,No,MR,2024,H12-04,H12-04L,H12-04R,2024-02-16T00:00:00Z,20240216,14:12,NA,45,42.198,166,30.627,23.2,26,14.5,15.7,"Calm, overcast/rain",1 kg crushed skipjack tuna,Good,NA,NA,NA,"Very nice! Sand, many blue cod, 4+ schoolies, crayfish",NA,NA,Done,NA,Odette Howarth,Yes,Check,Check,Check,NA,NA,NA,yes trevally; yes doug,Yes (corrected blue cod maxn),26,"c(166.51045, -45.7033)",DR2
FLD24_S07_R05_H12-05_FF11,FLD24,05_FF_MR_160224_R,11_FF_MR_160224_PM,Southern Winds,Fiordland,Dusky Sound,Five Fingers,S07,R05,FiveFingers_MR_20240216_PM,FF11,FF11,NA,No,MR,2024,H12-05,H12-05L,H12-05R,2024-02-16T00:00:00Z,20240216,14:18,NA,45,42.563,166,30.072,15.6,18,14.6,15.7,"Calm, overcast/rain",1 kg crushed skipjack tuna,Good,NA,NA,NA,"Very nice! Sand, many blue cod, schoolies, crayfish",NA,NA,Done,NA,Odette Howarth,Yes,Check,Check,Check,NA,NA,NA,deleted crappy lenghts,Yes (corrected blue cod maxn and deleted some lengths),18,"c(166.5012, -45.7093833333333)",DR2
FLD24_S07_R06_H12-06_FF12_LEFTONLY,FLD24,05_FF_MR_160224_R,12_FF_MR_160224_PM,Southern Winds,Fiordland,Dusky Sound,Five Fingers,S07,R06,FiveFingers_MR_20240216_PM,FF12,FF12,NA,No,MR,2024,H12-06,H12-06L,H12-06R,2024-02-16T00:00:00Z,20240216,14:23,NA,45,42.86,166,29.872,33.5,41,14.1,15.8,"Calm, overcast/rain",1 kg crushed skipjack tuna,OK,_LEFTONLY,Left videos only,NA,"Very nice! Sand, schoolies, crayfish, few blue cod if any",NA,NA,Done,NA,Odette Howarth,Yes,No,Check,No,Only one video,NA,NA,koheru -> atun,Yes,41,"c(166.497866666667, -45.7143333333333)",DR2
FLD24_S08_R01_H12-01_RI01,FLD24,06_RI_NR_170224,01_RI_NR_170224_AM,Southern Winds,Fiordland,Dusky Sound,Resolution Island,S08,R01,ResolutionIsland_NR_20240217_AM,RI01,RI01,NA,No,NR,2024,H12-01,H12-01L,H12-01R,2024-02-17T00:00:00Z,20240217,09:19,NA,45,43.261,166,34.987,19.2,NA,NA,16,"Calm, overcast/rain",1 kg crushed skipjack tuna,Good,NA,NA,NA,"Lots of blue cod, schoolie",NA,NA,Done,NA,Odette Howarth,Yes,Check,Check,Check,Definitely need to check meancounts,probably ok,NA,galeus -> cepedianus,"Yes (corrected 7gill, and meancount and maxn for blue cod)",19.2,"c(166.583116666667, -45.7210166666667)",DZ2
FLD24_S08_R02_H12-02_RI02,FLD24,06_RI_NR_170224,02_RI_NR_170224_AM,Southern Winds,Fiordland,Dusky Sound,Resolution Island,S08,R02,ResolutionIsland_NR_20240217_AM,RI02,RI02,NA,No,NR,2024,H12-02,H12-02L,H12-02R,2024-02-17T00:00:00Z,20240217,09:26,NA,45,43.188,166,34.396,27.4,34,14.2,16,"Calm, overcast/rain",1 kg crushed skipjack tuna,Good,NA,NA,"This was written on the data sheet: ""check RI2 has RI3 whiteboard first (vid)"". Odette Howarth, please clarify what this means.",Sand with scattered red algae and potenital reef in the background. School of 6 kingfish came past the reef on left of left camera @P24:25.46 and another 3 20 seconds later. Crab seen @P42:04.42. J_MaxN the same as MaxN for BCO,NA,NA,Done,20240511,Alex Burton,Yes,Yes,Yes,Yes,NA,NA,NA,NA,NA,34,"c(166.573266666667, -45.7198)",DZ2
FLD24_S08_R03_H12-03_RI03,FLD24,06_RI_NR_170224,03_RI_NR_170224_AM,Southern Winds,Fiordland,Dusky Sound,Resolution Island,S08,R03,ResolutionIsland_NR_20240217_AM,RI03,RI03,NA,No,NR,2024,H12-03,H12-03L,H12-03R,2024-02-17T00:00:00Z,20240217,09:35,NA,45,42.812,166,33.545,21.7,25,14.4,16,"Calm, overcast/rain",1 kg crushed skipjack tuna,Good,NA,NA,NA,"Reef, many scarlett wrasse, 7gill",NA,NA,Done,NA,Odette Howarth,Yes,Check,Redo,Redo,Random meancount periods,probably ok,NA,NA,Yes (corrected meancount and maxn for blue cod),25,"c(166.559083333333, -45.7135333333333)",DR2
FLD24_S08_R04_H12-04_PP01,FLD24,07_PP_MR_170224,01_PP_MR_170224_AM,Southern Winds,Fiordland,Dusky Sound,Pigeon & Parrot Islands,S08,R04,PigeonParrot_MR_20240217_AM,PP01,PP01,NA,No,MR,2024,H12-04,H12-04L,H12-04R,2024-02-17T00:00:00Z,20240217,09:43,NA,45,42.579,166,32.887,57.9,39,14,15.8,"Calm, overcast/rain",1 kg crushed skipjack tuna,Good,NA,NA,NA,"Lots of blue cod, schoolie",NA,NA,Done,NA,Odette Howarth,Yes,Check,Check,Check,NA,probably ok,NA,NA,Yes (corrected all meancount frames and maxn),39,"c(166.548116666667, -45.70965)",DR2
FLD24_S08_R05_H12-05_PP02,FLD24,07_PP_MR_170224,02_PP_MR_170224_AM,Southern Winds,Fiordland,Dusky Sound,Pigeon & Parrot Islands,S08,R05,PigeonParrot_MR_20240217_AM,PP02,PP02,NA,No,MR,2024,H12-05,H12-05L,H12-05R,2024-02-17T00:00:00Z,20240217,09:51,NA,45,42.908,166,31.681,30,40,14.4,15.7,"Calm, overcast/rain",1 kg crushed skipjack tuna,Good,NA,NA,Videos were swapped with PP03; now fixed.,"Reef, blue cod, crayfish",NA,NA,Done,NA,Odette Howarth,Yes,Redo,Check,Redo,Videos were in the wrong folders so lengths used the wrong CAL files,yes,4,spectabilis -> H. huntii; dentex -> P. ciliaris; sp10 -> Jasedw; fixed cinctus,Yes (corrected... loads of things),40,"c(166.528016666667, -45.7151333333333)",DZ2
FLD24_S08_R06_H12-06_PP03_TILTED,FLD24,07_PP_MR_170224,02_PP_MR_170224_AM,Southern Winds,Fiordland,Dusky Sound,Pigeon & Parrot Islands,S08,R06,PigeonParrot_MR_20240217_AM,PP03,PP03,NA,No,MR,2024,H12-06,H12-06L,H12-06R,2024-02-17T00:00:00Z,20240217,09:57,NA,45,43.203,166,31.605,22.6,32,14.4,15.7,"Calm, overcast/rain",1 kg crushed skipjack tuna,OK,_TILTED,Tilted but ok,"Videos were swapped with PP02; now fixed. Sync with H12-05 cam = 95mm, Sync with H12-06 cam = 102. H12-05 .cam used. Tilted up but fine. Length measurements might not be ok because used different cal files.",Kelp; blue cod attacking another blue cod @ P29:53.86,NA,NA,Done,20240418,Alex Burton,Yes,Redo,Yes,Redo,Videos were in the wrong folders so lengths used the wrong CAL files,NA,NA,NA,NA,32,"c(166.52675, -45.72005)",DZ2
FLD24_S09_R01_H12-01_SI01,FLD24,08_SI_NR_170224,01_SI_NR_170224_MID,Southern Winds,Fiordland,Dusky Sound,Shag Island,S09,R01,ShagIsland_NR_20240217_MD,SI01,SI01,NA,No,NR,2024,H12-01,H12-01L,H12-01R,2024-02-17T00:00:00Z,20240217,13:15,NA,45,44.623,166,47.28,49.6,NA,NA,16.6,"Calm, overcast/rain",1 kg crushed skipjack tuna,Good,NA,NA,NA,"Silty, lots of blue cod",NA,NA,Done,NA,Odette Howarth,Yes,Check,Check,Check,NA,probably ok,NA,NA,Yes,49.6,"c(166.788, -45.7437166666667)",DZ4
FLD24_S09_R02_H12-02_SI02,FLD24,08_SI_NR_170224,02_SI_NR_170224_MID,Southern Winds,Fiordland,Dusky Sound,Shag Island,S09,R02,ShagIsland_NR_20240217_MD,SI02,SI02,NA,No,NR,2024,H12-02,H12-02L,H12-02R,2024-02-17T00:00:00Z,20240217,13:22,NA,45,44.267,166,47.218,24.7,29,14.5,16.5,"Calm, overcast/rain",1 kg crushed skipjack tuna,Good,NA,NA,NA,NA,NA,NA,Done,NA,Odette Howarth,Yes,Check,Check,Check,NA,yes,NA,acanthias -> griffini,Yes (corrected a lot),29,"c(166.786966666667, -45.7377833333333)",DZ4
FLD24_S09_R03_H12-03_SI03,FLD24,08_SI_NR_170224,03_SI_NR_170224_MID,Southern Winds,Fiordland,Dusky Sound,Shag Island,S09,R03,ShagIsland_NR_20240217_MD,SI03,SI03,NA,No,NR,2024,H12-03,H12-03L,H12-03R,2024-02-17T00:00:00Z,20240217,13:30,NA,45,43.918,166,47.219,22,24,14.6,16.5,"Calm, overcast/rain",1 kg crushed skipjack tuna,Good,NA,NA,NA,"Black coral, reef, red algae, 2+ schoolies, lots of blue cod",NA,yes,Done,NA,Odette Howarth,Yes,Check,Check,Check,NA,probably ok,NA,NA,Yes (deleted some bogus lengths),24,"c(166.786983333333, -45.7319666666667)",DZ4
FLD24_S09_R04_H12-04_SI04,FLD24,08_SI_NR_170224,04_SI_NR_170224_MID,Southern Winds,Fiordland,Dusky Sound,Shag Island,S09,R04,ShagIsland_NR_20240217_MD,SI04,SI04,NA,No,NR,2024,H12-04,H12-04L,H12-04R,2024-02-17T00:00:00Z,20240217,13:39,NA,45,44.002,166,46.182,29.7,36,14.2,16.5,"Calm, overcast/rain",1 kg crushed skipjack tuna,Good,NA,NA,Whiteboard says SH10,"Lots of blue cod, 3+ carpet sharks",NA,NA,Done,NA,Odette Howarth,Yes,Check,Check,Check,NA,yes,NA,acanthias -> griffini,Yes (fixed MaxN),36,"c(166.7697, -45.7333666666667)",DZ4
FLD24_S09_R05_H12-05_SI05,FLD24,08_SI_NR_170224,05_SI_NR_170224_MID,Southern Winds,Fiordland,Dusky Sound,Shag Island,S09,R05,ShagIsland_NR_20240217_MD,SI05,SI05,NA,No,NR,2024,H12-05,H12-05L,H12-05R,2024-02-17T00:00:00Z,20240217,13:46,NA,45,44.574,166,46.08,37.3,35,14.4,16.5,"Calm, overcast/rain",1 kg crushed skipjack tuna,Good,NA,NA,Videos were originally swapped with SI06; now fixed.,"Rock reef covered in coralline red algae. Hydriods attached to the rocks; partially obscured. Black coreal behind/next to the platform and in front of BRUV when it was moved before retrieval, >=5 plants, visible in L02.",NA,NA,Done,20240608,Alex Burton,Yes,Redo,Yes,Redo,Videos were in the wrong folders so lengths used the wrong CAL files,NA,NA,NA,NA,35,"c(166.768, -45.7429)",DZ3
FLD24_S09_R06_H12-06_SI06,FLD24,08_SI_NR_170224,06_SI_NR_170224_MID,Southern Winds,Fiordland,Dusky Sound,Shag Island,S09,R06,ShagIsland_NR_20240217_MD,SI06,SI06,NA,No,NR,2024,H12-06,H12-06L,H12-06R,2024-02-17T00:00:00Z,20240217,13:52,NA,45,44.629,166,45.418,22.1,28,14.6,16.5,"Calm, overcast/rain",1 kg crushed skipjack tuna,Good,NA,NA,Videos were originally swapped with SI05; now fixed.,"Rock with coral? Sync @ 95mm. Lot of suspended matter initially making it hard to see, especially in reflected light. NZ carpet shark @ P 05:54.27. Female school shark spotted @ P 03:28.01, damage under left pec fin and 3 scratches on left trunk below first dorsal origin. Adult male school shark seen @ P45:32.23, school shark maxN=2. Female Squalus acanthias seen @ P53:50.19. Same shark seen mouthing a blue cod @ P54:30.70. J_maxN length same as maxN length for blue cod",NA,NA,Done,20240405,Alex Burton,Yes,Redo,Yes,Redo,Videos were in the wrong folders so lengths used the wrong CAL files,NA,NA,NA,NA,28,"c(166.756966666667, -45.7438166666667)",DZ3
FLD24_S10_R01_H12-01_EC01,FLD24,09_EC_NR_170224,01_EC_NR_170224_PM,Southern Winds,Fiordland,Dusky Sound,East Cooper Island,S10,R01,EastCooper_NR_20240217_PM,EC01,EC01,NA,No,NR,2024,H12-01,H12-01L,H12-01R,2024-02-17T00:00:00Z,20240217,16:29,NA,45,44.078,166,55.268,36.4,NA,NA,16.7,"Calm, overcast/rain",1 kg crushed skipjack tuna,Good,NA,NA,NA,NA,NA,NA,Done,NA,Odette Howarth,Yes,Check,Redo,Redo,Random meancount periods,yes,NA,koheru -> T. novaezelandiae; galeus -> griffini,Yes (fixed maxn),36.4,"c(166.921133333333, -45.7346333333333)",DZ4
FLD24_S10_R02_H12-02_EC02_VOID_TORCHFAIL,FLD24,09_EC_NR_170224,02_EC_TORCHFAIL_NR_170224_PM,Southern Winds,Fiordland,Dusky Sound,East Cooper Island,S10,R02,EastCooper_NR_20240217_PM,EC02,EC02,NA,No,NR,2024,H12-02,H12-02L,H12-02R,2024-02-17T00:00:00Z,20240217,16:37,NA,45,43.846,166,54.397,53.2,57,12,16.8,"Calm, overcast/rain",1 kg crushed skipjack tuna,Bad,_VOID_TORCHFAIL,Torch fail; void deployment,NA,NA,NA,NA,No,NA,NA,No,No,No,No,NA,NA,NA,NA,NA,57,"c(166.906616666667, -45.7307666666667)",DZ4
FLD24_S10_R03_H12-03_EC03,FLD24,09_EC_NR_170224,02_EC_NR_170224_PM,Southern Winds,Fiordland,Dusky Sound,East Cooper Island,S10,R03,EastCooper_NR_20240217_PM,EC03,EC03,NA,No,NR,2024,H12-03,H12-03L,H12-03R,2024-02-17T00:00:00Z,20240217,16:44,NA,45,44.116,166,53.93,25,30,14.1,16.5,"Calm, overcast/rain",1 kg crushed skipjack tuna,Good,NA,NA,NA,"Sand/silt, unknown species @ 211:23.32, possibly a gemfish or barrcouta? Sand/silt made it hard to measure animals. Could not get measurements at adult blue cod maxN. Lengths for juvenile maxN same as maxN lengths",NA,NA,Done,20240624,Alex Burton,Yes,Yes,Yes,Yes,NA,NA,NA,NA,NA,30,"c(166.898833333333, -45.7352666666667)",DZ4
FLD24_S10_R04_H12-04_EC04,FLD24,09_EC_NR_170224,04_EC_NR_170224_PM,Southern Winds,Fiordland,Dusky Sound,East Cooper Island,S10,R04,EastCooper_NR_20240217_PM,EC04,EC04,NA,No,NR,2024,H12-04,H12-04L,H12-04R,2024-02-17T00:00:00Z,20240217,16:52,NA,45,44.22,166,53.157,14.5,28,14.2,16.5,"Calm, overcast/rain",1 kg crushed skipjack tuna,Good,NA,NA,NA,"Reef/shell, blue cod, schoolies, 7gill",NA,NA,Done,NA,Odette Howarth,Yes,Check,Redo,Redo,Meancounts missing,yes,NA,NA,Yes (fixed maxn),28,"c(166.88595, -45.737)",DZ4
FLD24_S10_R05_H12-05_EC05,FLD24,09_EC_NR_170224,05_EC_NR_170224_PM,Southern Winds,Fiordland,Dusky Sound,East Cooper Island,S10,R05,EastCooper_NR_20240217_PM,EC05,EC05,NA,No,NR,2024,H12-05,H12-05L,H12-05R,2024-02-17T00:00:00Z,20240217,17:25,NA,45,43.723,166,52.906,69.8,70,11.7,16.3,"Calm, overcast/rain",1 kg crushed skipjack tuna,Good,NA,NA,2nd L and R videos corrupt. No chop or whiteboard in left video. When canister entered the water was used as the sync. Whiteboard and chop seen in L video but states EC06.,"Sand/silt, scattered mollusc shells. Zooplankton playing in the lights. AD and J maxN lengths for blue cod are the same as maxN lengths",yes,NA,Done,20240624,Alex Burton,Yes,Yes,Yes,Yes,NA,NA,NA,NA,NA,70,"c(166.881766666667, -45.7287166666667)",DZ4
FLD24_S10_R06_H12-06_EC06_RIGHTONLY,FLD24,09_EC_NR_170224,06_EC_NR_170224_PM,Southern Winds,Fiordland,Dusky Sound,East Cooper Island,S10,R06,EastCooper_NR_20240217_PM,EC06,EC06,NA,No,NR,2024,H12-06,H12-06L,H12-06R,2024-02-17T00:00:00Z,20240217,17:13,NA,45,43.545,166,53.962,54,58,11.9,16.3,"Calm, overcast/rain",1 kg crushed skipjack tuna,OK,_RIGHTONLY,Right videos only,L video doesn't play; tried to fix with fix.video,"Sand/silt, hapuku (9:05), 2 hapuku, 7gill",yes,NA,Done,NA,Odette Howarth,Yes,No,Check,No,Only one video,yes,NA,NA,Yes,58,"c(166.899366666667, -45.72575)",DZ4
FLD24_S11_R01_H12-01_SC01,FLD24,10_SC_NR_180224,01_SC_NR_180224_AM,Southern Winds,Fiordland,Dusky Sound,Supper Cove,S11,R01,SupperCove_NR_20240218_AM,SC01,SC01,NA,No,NR,2024,H12-01,H12-01L,H12-01R,2024-02-18T00:00:00Z,20240218,10:50,NA,45,42.184,166,57.202,25.4,NA,NA,15.1,"Calm, overcast",1 kg crushed skipjack tuna,Good,NA,NA,NA,"Sand/silt. A lot of opalfish. Brittle stars present. Visual maxN for N.cepedianus =2, Actual maxN=3",NA,NA,Done,20240624,Alex Burton,Yes,Yes,Yes,Yes,NA,NA,NA,NA,NA,25.4,"c(166.953366666667, -45.7030666666667)",DZ4
FLD24_S11_R02_H12-02_SC02,FLD24,10_SC_NR_180224,02_SC_NR_180224_AM,Southern Winds,Fiordland,Dusky Sound,Supper Cove,S11,R02,SupperCove_NR_20240218_AM,SC02,SC02,NA,No,NR,2024,H12-02,H12-02L,H12-02R,2024-02-18T00:00:00Z,20240218,10:58,NA,45,42.42,166,57.318,53,55,12.1,14.9,"Calm, overcast",1 kg crushed skipjack tuna,Good,NA,NA,NA,"Sand/silt, hagfish, little shark",yes,NA,Done,NA,Odette Howarth,Yes,Check,Check,Check,NA,probably ok,NA,NA,Yes,55,"c(166.9553, -45.707)",DZ4
FLD24_S11_R03_H12-03_SC03,FLD24,10_SC_NR_180224,03_SC_NR_180224_AM,Southern Winds,Fiordland,Dusky Sound,Supper Cove,S11,R03,SupperCove_NR_20240218_AM,SC03,SC03,NA,No,NR,2024,H12-03,H12-03L,H12-03R,2024-02-18T00:00:00Z,20240218,11:05,NA,45,42.697,166,57.168,62,64,11.7,14.6,"Calm, overcast",1 kg crushed skipjack tuna,Good,NA,NA,NA,"Sand/silt, hagfish, school sharks. Lots of zooplankton in the frame dancing in the light, including translucent malacostracans. Gastropod spotted @P11:12.97",NA,NA,Done,20240511,Alex Burton,Yes,Yes,Yes,Yes,NA,NA,NA,NA,NA,64,"c(166.9528, -45.7116166666667)",DZ4
FLD24_S11_R04_H12-04_SC04,FLD24,10_SC_NR_180224,04_SC_NR_180224_AM,Southern Winds,Fiordland,Dusky Sound,Supper Cove,S11,R04,SupperCove_NR_20240218_AM,SC04,SC04,NA,No,NR,2024,H12-04,H12-04L,H12-04R,2024-02-18T00:00:00Z,20240218,11:10,NA,45,42.562,166,56.877,63,65,11.7,14.5,"Calm, partially overcast",1 kg crushed skipjack tuna,Good,NA,NA,NA,"Sand/silt, hapuku (50:50), hagfish",yes,NA,Done,20240629,Adam Smith,Yes,Yes,Yes,Yes,NA,NA,NA,NA,NA,65,"c(166.94795, -45.7093666666667)",DZ4
FLD24_S11_R05_H12-05_SC05,FLD24,10_SC_NR_180224,05_SC_NR_180224_AM,Southern Winds,Fiordland,Dusky Sound,Supper Cove,S11,R05,SupperCove_NR_20240218_AM,SC05,SC05,NA,No,NR,2024,H12-05,H12-05L,H12-05R,2024-02-18T00:00:00Z,20240218,11:16,NA,45,42.439,166,56.612,53,54,12,14.6,"Calm, overcast",1 kg crushed skipjack tuna,Good,NA,NA,NA,"Sand/silt, 7gill, hagfish, brittle star, gastropods",yes,NA,Done,20240624,Alex Burton,Yes,Yes,Yes,Yes,NA,NA,NA,NA,NA,54,"c(166.943533333333, -45.7073166666667)",DZ4
FLD24_S11_R06_H12-06_SC06_TORCHFAIL,FLD24,10_SC_NR_180224,06_SC_TORCHFAIL_NR_180224_AM,Southern Winds,Fiordland,Dusky Sound,Supper Cove,S11,R06,SupperCove_NR_20240218_AM,SC06,SC06,NA,No,NR,2024,H12-06,H12-06L,H12-06R,2024-02-18T00:00:00Z,20240218,11:24,NA,45,42.152,166,56.773,26,23,14.3,14.6,"Calm, overcast",1 kg crushed skipjack tuna,OK,_TORCHFAIL,Torches failed but can see,Torch fail; ok for presence/absence of hapuku,"Sand/silt, hapuku (54:22)",yes,NA,Done,NA,Odette Howarth,Yes,Check,Check,Check,NA,NA,NA,NA,Yes,23,"c(166.946216666667, -45.7025333333333)",DZ4
FLD24_S12_R01_H12-01_SH01,FLD24,11_SH_NR_180224,01_SH_NR_180224_MID,Southern Winds,Fiordland,Dusky Sound,Shark Cove,S12,R01,SharkCove_NR_20240218_MD,SH01,SH01,NA,No,NR,2024,H12-01,H12-01L,H12-01R,2024-02-18T00:00:00Z,20240218,13:30,NA,45,43.214,166,57.959,71.4,NA,NA,15.4,"Calm, overcast",1 kg crushed skipjack tuna,Good,NA,NA,NA,"Sand/silt, 7gill, many many hagfish",NA,NA,Done,NA,Odette Howarth,Yes,Check,Check,Check,NA,probably ok,NA,percoides -> bachus,Yes,71.4,"c(166.965983333333, -45.7202333333333)",DZ4
FLD24_S12_R02_H12-02_SH02,FLD24,11_SH_NR_180224,02_SH_NR_180224_MID,Southern Winds,Fiordland,Dusky Sound,Shark Cove,S12,R02,SharkCove_NR_20240218_MD,SH02,SH02,NA,No,NR,2024,H12-02,H12-02L,H12-02R,2024-02-18T00:00:00Z,20240218,13:35,NA,45,43.173,166,58.284,49,51,12.2,15.4,"Calm, overcast",1 kg crushed skipjack tuna,Good,NA,NA,NA,"Sand/silt, 7gill, maybe 6gill?",NA,NA,Done,NA,Odette Howarth,Yes,Check,Check,Check,NA,probably ok,NA,galeus -> cepeidanus,Yes,51,"c(166.9714, -45.71955)",DZ4
FLD24_S12_R03_H12-03_SH03,FLD24,11_SH_NR_180224,03_SH_NR_180224_MID,Southern Winds,Fiordland,Dusky Sound,Shark Cove,S12,R03,SharkCove_NR_20240218_MD,SH03,SH03,NA,No,NR,2024,H12-03,H12-03L,H12-03R,2024-02-18T00:00:00Z,20240218,13:40,NA,45,43.023,166,58.567,23,28,13.6,15.5,"Calm, overcast",1 kg crushed skipjack tuna,Good,NA,NA,NA,"Sand/silt, unidentified species @ 09:24.33. A second unknown species @ 11:05.97, Schools of fish in background just out of sight around P27:00.00",yes,NA,Done,20240624,Alex Burton,Yes,Yes,Yes,Yes,NA,NA,NA,NA,NA,28,"c(166.976116666667, -45.71705)",DZ4
FLD24_S12_R04_H12-04_SH04,FLD24,11_SH_NR_180224,04_SH_NR_180224_MID,Southern Winds,Fiordland,Dusky Sound,Shark Cove,S12,R04,SharkCove_NR_20240218_MD,SH04,SH04,NA,No,NR,2024,H12-04,H12-04L,H12-04R,2024-02-18T00:00:00Z,20240218,13:57,NA,45,43.713,166,57.05,18,33,13.7,15.7,"Calm, overcast",1 kg crushed skipjack tuna,Good,NA,NA,NA,"Sand/silt, Sand burrower/opal fish @ P12:12.97. Tarakihi being chased by blue cod around 31:00.00. Blue cod chasing each other @ P 37:35.95. Male and female spotty's seen together (3 males to one female). Squalus griffini @ P53:50.53, female, has a broken second dorsal fin spine. Stayed around till end of the transect. J_maxN_length and max_length the same for juvenile blue cod",NA,NA,Done,20240404,Alex Burton,Yes,Yes,Yes,Yes,NA,NA,NA,NA,NA,33,"c(166.950833333333, -45.72855)",DZ4
FLD24_S12_R05_H12-05_SH05,FLD24,11_SH_NR_180224,05_SH_NR_180224_MID,Southern Winds,Fiordland,Dusky Sound,Shark Cove,S12,R05,SharkCove_NR_20240218_MD,SH05,SH05,NA,No,NR,2024,H12-05,H12-05L,H12-05R,2024-02-18T00:00:00Z,20240218,14:02,NA,45,43.89,166,56.808,48,51,12.1,15.7,"Calm, overcast",1 kg crushed skipjack tuna,Good,NA,NA,NA,"Sand/silt, blue cod, schoolie",NA,NA,Done,NA,Odette Howarth,Yes,Check,Check,Check,NA,probably ok,NA,NA,Yes,51,"c(166.9468, -45.7315)",DZ4
FLD24_S12_R06_H12-06_SH06_LEFTONLY,FLD24,11_SH_NR_180224,06_SH_NR_180224_MID,Southern Winds,Fiordland,Dusky Sound,Shark Cove,S12,R06,SharkCove_NR_20240218_MD,SH06,SH06,NA,No,NR,2024,H12-06,H12-06L,H12-06R,2024-02-18T00:00:00Z,20240218,14:09,NA,45,43.265,166,56.902,28,32,13.8,15.7,"Calm, sunny",1 kg crushed skipjack tuna,Good,_LEFTONLY,NA,NA,"Sand/silt, blue cod, schoolie, 7gill",NA,NA,Done,NA,Odette Howarth,Yes,No,Check,No,NA,probably ok,NA,galeus -> griffini,Yes,32,"c(166.948366666667, -45.7210833333333)",DZ4
FLD24_S13_R01_H12-01_FB01,FLD24,12_CIFB_NR_180224,01_CI_NR_180224_PM,Southern Winds,Fiordland,Dusky Sound,Cooper Island,S13,R01,CooperIsland_NR_20240218_PM,FB01,FB01,NA,No,NR,2024,H12-01,H12-01L,H12-01R,2024-02-18T00:00:00Z,20240218,15:58,NA,45,44.276,166,52.881,27,NA,NA,16.4,"Calm, sunny",1 kg crushed skipjack tuna,Good,NA,Corrupt 2nd L and R videos,"""CIFB"" and ""CI"" in folder.","Sand/silt, 7gill, blue cod, sponges/gastropods buried in sediment. Interstial worms in sediment as well",NA,NA,Done,20240624,Alex Burton,Yes,Yes,Yes,Yes,NA,NA,NA,NA,NA,27,"c(166.88135, -45.7379333333333)",DZ4
FLD24_S13_R02_H12-02_FB02,FLD24,12_CIFB_NR_180224,02_CI_NR_180224_PM,Southern Winds,Fiordland,Dusky Sound,Cooper Island,S13,R02,CooperIsland_NR_20240218_PM,FB02,FB02,NA,No,NR,2024,H12-02,H12-02L,H12-02R,2024-02-18T00:00:00Z,20240218,16:05,NA,45,44.451,166,52.673,39,45,12.8,16.3,"Calm, sunny",1 kg crushed skipjack tuna,Good,NA,NA,"""CIFB"" and ""CI"" in folder.  L02 and R02 cannot be opened due to not being able to read file format even though both 01's nad 02's are MP4's","Sand/silt, sea pens, gastropods. Unknown shark @ P41:00.00. Hagfish initated slime response @ 48:08.89, cause unknown",NA,NA,Done,20240418,Alex Burton,Yes,Yes,Yes,Yes,NA,NA,NA,NA,NA,45,"c(166.877883333333, -45.74085)",DZ4
FLD24_S13_R03_H12-03_FB03,FLD24,12_CIFB_NR_180224,03_CI_NR_180224_PM,Southern Winds,Fiordland,Dusky Sound,Cooper Island,S13,R03,CooperIsland_NR_20240218_PM,FB03,FB03,NA,No,NR,2024,H12-03,H12-03L,H12-03R,2024-02-18T00:00:00Z,20240218,16:17,NA,45,44.471,166,52.148,50,52,12.3,16.2,"Calm, sunny",1 kg crushed skipjack tuna,Good,NA,Corrupt 2nd L and R videos,"""CIFB"" and ""CI"" in folder","Sand/silt, blue cod, schoolie, 7gill, unknown species borrowing in/crawling on sediment",NA,NA,Done,20240625,Alex Burton,Yes,Yes,Yes,Yes,NA,NA,NA,NA,NA,52,"c(166.869133333333, -45.7411833333333)",DZ4
FLD24_S13_R04_H12-04_FB04,FLD24,12_CIFB_NR_180224,04_CI_NR_180224_PM,Southern Winds,Fiordland,Dusky Sound,Cooper Island,S13,R04,CooperIsland_NR_20240218_PM,FB04,FB04,NA,No,NR,2024,H12-04,H12-04L,H12-04R,2024-02-18T00:00:00Z,20240218,16:31,NA,45,45.148,166,51.757,24,27,14.5,16.2,"Calm, sunny",1 kg crushed skipjack tuna,Good,NA,NA,"""CIFB"" and ""CI"" in folder","Sand/silt, blue cod, schoolie",NA,NA,Done,NA,Odette Howarth,Yes,Check,Check,Check,NA,probably ok,NA,NA,Yes (fixed maxn),27,"c(166.862616666667, -45.7524666666667)",DZ4
FLD24_S13_R05_H12-05_FB05,FLD24,12_CIFB_NR_180224,05_FB_NR_180224_PM,Southern Winds,Fiordland,Dusky Sound,Fanny Bay,S13,R05,FannyBay_NR_20240218_PM,FB05,FB05,NA,No,NR,2024,H12-05,H12-05L,H12-05R,2024-02-18T00:00:00Z,20240218,16.47,NA,45,45.728,166,50.083,60,62,12,16.3,"Choppy, overcast",1 kg crushed skipjack tuna,Good,NA,Corrupt 2nd L and R videos,"""CIFB"" and ""FB"" in folder","Sand/silt, very little, sea perch, worm/tusk shell? dragging itself along the sediment",NA,NA,Done,20240625,Alex Burton,Yes,Yes,Yes,Yes,NA,NA,NA,NA,NA,62,"c(166.834716666667, -45.7621333333333)",DZ4
FLD24_S13_R06_H12-06_FB06,FLD24,12_CIFB_NR_180224,06_FB_NR_180224_PM,Southern Winds,Fiordland,Dusky Sound,Fanny Bay,S13,R06,FannyBay_NR_20240218_PM,FB06,FB06,NA,No,NR,2024,H12-06,H12-06L,H12-06R,2024-02-18T00:00:00Z,20240218,17:00,NA,45,46.307,166,50.514,66,71,11.9,15.5,"Choppy, overcast",1 kg crushed skipjack tuna,Good,NA,NA,"""CIFB"" and ""FB"" in folder","Sand/silt, hagfish",NA,NA,Done,NA,Odette Howarth,Yes,Check,Check,Check,NA,probably ok,NA,NA,Yes,71,"c(166.8419, -45.7717833333333)",DZ4
FLD24_S14_R01_H12-01_NC01,FLD24,13_NC_NR_190224,01_NC_NR_190224_AM,Southern Winds,Fiordland,Dusky Sound,North Cooper Island,S14,R01,NorthCooperIsland_NR_20240219_AM,NC01,NC01,NA,No,NR,2024,H12-01,H12-01L,H12-01R,2024-02-19T00:00:00Z,20240219,08:57,NA,45,42.633,166,50.547,55,NA,NA,15,"25 knt wind, rain",1 kg crushed skipjack tuna,Good,NA,NA,NA,"Sand/silt, Sea pens present. Adult male school shark first sighted at P03:18.43. No unique markings. Same school shark destroyed tallest sea pen in shot as well. Gastropod seen at P 28:34.08. Thick cluster of zooplankton around camera for periods of time making it difficult to make animals out. Secondardy school shark seen @ P57:37.39, scratches above right pectoral fin. Parasite on RHS of 1st dorsal fin. SCH MaxN=2. Adult blue cod maxN length same as blue cod maxN length. 2 female school sharks seen at 1:00:37.93. If this counts towards maxN then overall school shark maxN will be 3 and maxN for any one frame is 2",NA,NA,Done,20240404,Alex Burton,Yes,Yes,Yes,Yes,NA,NA,NA,NA,NA,55,"c(166.84245, -45.71055)",DZ4
FLD24_S14_R02_H12-02_NC02,FLD24,13_NC_NR_190224,02_NC_NR_190224_AM,Southern Winds,Fiordland,Dusky Sound,North Cooper Island,S14,R02,NorthCooperIsland_NR_20240219_AM,NC02,NC02,NA,No,NR,2024,H12-02,H12-02L,H12-02R,2024-02-19T00:00:00Z,20240219,09:12,NA,45,42.345,166,49.729,20.6,32,14.5,15.1,"25 knt wind, rain",1 kg crushed skipjack tuna,Good,NA,NA,NA,"Sand/silt, hagfish, stingray, blue cod",NA,NA,Done,NA,Odette Howarth,Yes,Check,Check,Check,NA,yes,1,tenuicaudatus -> brevicaudata,Yes (fixed maxn),32,"c(166.828816666667, -45.70575)",DZ4
FLD24_S14_R03_H12-03_NC03,FLD24,13_NC_NR_190224,03_NC_NR_190224_AM,Southern Winds,Fiordland,Dusky Sound,North Cooper Island,S14,R03,NorthCooperIsland_NR_20240219_AM,NC03,NC03,NA,No,NR,2024,H12-03,H12-03L,H12-03R,2024-02-19T00:00:00Z,20240219,09:29,NA,45,42.968,166,47.963,98,85,11.5,15.1,"25 knt wind, rain",1 kg crushed skipjack tuna,Good,NA,NA,NA,"Sand/silt, schoolie, 7gill, lots of sea perch. Gastropod seen around P47:00.00. Multiple school sharks seen, maxN could be >1",NA,NA,Done,20240625,Alex Burton,Yes,Yes,Yes,Yes,NA,NA,NA,NA,NA,85,"c(166.799383333333, -45.7161333333333)",DZ4
FLD24_S14_R04_H12-04_NC04,FLD24,13_NC_NR_190224,04_NC_NR_190224_AM,Southern Winds,Fiordland,Dusky Sound,North Cooper Island,S14,R04,NorthCooperIsland_NR_20240219_AM,NC04,NC04,NA,No,NR,2024,H12-04,H12-04L,H12-04R,2024-02-19T00:00:00Z,20240219,09:42,NA,45,43.102,166,46.952,18.4,18,14,15.3,"10 knt wind, overcast",1 kg crushed skipjack tuna,Good,NA,NA,NA,"Kelpy, blue cod, spotty, kingfish, school shark",NA,NA,Done,NA,Odette Howarth,Yes,Check,Check,Check,NA,probably ok,NA,NA,Yes (fixed maxn),18,"c(166.782533333333, -45.7183666666667)",DZ4
FLD24_S14_R05_H12-05_NC05_LEFTONLY,FLD24,13_NC_NR_190224,05_NC_NR_190224_AM,Southern Winds,Fiordland,Dusky Sound,North Cooper Island,S14,R05,NorthCooperIsland_NR_20240219_AM,NC05,NC05,NA,No,NR,2024,H12-05,H12-05L,H12-05R,2024-02-19T00:00:00Z,20240219,09:53,NA,45,43.403,166,45.64,23.1,28,14.5,15.3,"10 knt wind, overcast",1 kg crushed skipjack tuna,OK,_LEFTONLY,Left videos only,Wrong right videos. The videos originally in this folder were the same as those at S15_R05.,"Sand/silt with red agae. Rock reef/outcrop in background, schoolie, blue cod, lots of tarakihi. Posisbly maxN=4 for school sharks. Male and female variants of spotty and scarlet wrasse observed",NA,NA,Done,20240625,Alex Burton,Yes,No,Yes,No,Only one video,NA,NA,NA,NA,28,"c(166.760666666667, -45.7233833333333)",DZ4
FLD24_S14_R06_H12-06_NC06_TILTED,FLD24,13_NC_NR_190224,06_NC_NR_190224_AM,Southern Winds,Fiordland,Dusky Sound,North Cooper Island,S14,R06,NorthCooperIsland_NR_20240219_AM,NC06,NC06,NA,No,NR,2024,H12-06,H12-06L,H12-06R,2024-02-19T00:00:00Z,20240219,10:07,NA,45,43.595,166,47.924,17.9,18,15,15.7,"10 knt wind, overcast",1 kg crushed skipjack tuna,Good,_TILTED,Tilted but ok,NA,"Reef, black coral, blue cod, school shark",NA,yes,Done,NA,Odette Howarth,Yes,Check,Check,Check,NA,yes,0,NA,Yes,18,"c(166.798733333333, -45.7265833333333)",DZ4
FLD24_S15_R01_H12-01_SI07,FLD24,08_SI_NR_170224,07_SI_NR_190224_MID,Southern Winds,Fiordland,Dusky Sound,Shag Island,S15,R01,ShagIsland_NR_20240219_AM,SI07,SI07,NA,No,NR,2024,H12-01,H12-01L,H12-01R,2024-02-19T00:00:00Z,20240219,11:58,NA,45,43.793,166,47.394,42.1,NA,NA,15.7,"10 knt wind, overcast, drizzle",1 kg crushed skipjack tuna,Good,NA,NA,NA,"Slit and rocks. Lots of black coral in distance, hard to tell how many individual corals. Blue cod attacking another blue cod @ P 41:01.09. Possible 3rd school shark @ P59:00.00, however, could not tell if it was the same male shark or not",NA,yes,Done,20240418,Alex Burton,Yes,Yes,Yes,Yes,NA,NA,NA,NA,NA,42.1,"c(166.7899, -45.7298833333333)",DZ4
FLD24_S15_R02_H12-02_SI08,FLD24,08_SI_NR_170224,08_SI_NR_190224_MID,Southern Winds,Fiordland,Dusky Sound,Shag Island,S15,R02,ShagIsland_NR_20240219_AM,SI08,SI08,NA,No,NR,2024,H12-02,H12-02L,H12-02R,2024-02-19T00:00:00Z,20240219,12:06,NA,45,44.011,166,46.869,32.8,36,14.3,15.7,"10 knt wind, overcast, drizzle",1 kg crushed skipjack tuna,Good,NA,NA,Whiteboard says SHI02; this is ok,"Sand with scattered debris, blue cod, multiple opalfish, S.griffini spotted",NA,NA,Done,20240625,Alex Burton,Yes,Yes,Yes,Yes,NA,NA,NA,NA,NA,36,"c(166.78115, -45.7335166666667)",DZ4
FLD24_S15_R03_H12-03_SI09,FLD24,08_SI_NR_170224,09_SI_NR_190224_MID,Southern Winds,Fiordland,Dusky Sound,Shag Island,S15,R03,ShagIsland_NR_20240219_AM,SI09,SI09,NA,No,NR,2024,H12-03,H12-03L,H12-03R,2024-02-19T00:00:00Z,20240219,12:17,NA,45,43.877,166,46.637,43,46,13.7,15.6,"10 knt wind, overcast, drizzle",1 kg crushed skipjack tuna,Good,NA,NA,NA,"Sand/silt, blue cod, schoolies",yes,NA,Done,NA,Odette Howarth,Yes,Check,Check,Check,NA,probably ok,NA,griffini added,Yes (fixed maxn),46,"c(166.777283333333, -45.7312833333333)",DZ4
FLD24_S15_R04_H12-04_SI10_TILTED,FLD24,08_SI_NR_170224,10_SI_NR_190224_MID,Southern Winds,Fiordland,Dusky Sound,Shag Island,S15,R04,ShagIsland_NR_20240219_AM,SI10,SI10,NA,No,NR,2024,H12-04,H12-04L,H12-04R,2024-02-19T00:00:00Z,20240219,12:27,NA,45,43.977,166,46.026,22.5,15,14.8,15.7,"10 knt wind, overcast, drizzle",1 kg crushed skipjack tuna,OK,_TILTED,Tilted upwards but ok,NA,NA,NA,NA,Done,NA,Odette Howarth,Yes,Check,No,Redo,Random meancount periods,yes,NA,acanthais -> griffini,Yes (fixed maxn),15,"c(166.7671, -45.73295)",DZ4
FLD24_S15_R05_H12-05_SI11,FLD24,08_SI_NR_170224,11_SI_NR_190224_MID,Southern Winds,Fiordland,Dusky Sound,Shag Island,S15,R05,ShagIsland_NR_20240219_AM,SI11,SI11,NA,No,NR,2024,H12-05,H12-05L,H12-05R,2024-02-19T00:00:00Z,20240219,12:34,NA,45,44.547,166,45.807,57.6,64,12,15.7,"10 knt wind, overcast, drizzle",1 kg crushed skipjack tuna,Good,NA,NA,NA,"Sand/silt, blue cod, schoolies",NA,NA,Done,NA,Odette Howarth,Yes,Check,Check,Check,NA,NA,NA,lenticulatus -> griffini,Yes,64,"c(166.76345, -45.74245)",DZ3
FLD24_S15_R06_H12-06_SI12,FLD24,08_SI_NR_170224,12_SI_NR_190224_MID,Southern Winds,Fiordland,Dusky Sound,Shag Island,S15,R06,ShagIsland_NR_20240219_AM,SI12,SI12,NA,No,NR,2024,H12-06,H12-06L,H12-06R,2024-02-19T00:00:00Z,20240219,12:41,NA,45,44.635,166,45.331,42.7,45,14.2,15.7,"10 knt wind, overcast, drizzle",1 kg crushed skipjack tuna,Good,NA,NA,NC06 R in original directory of SI12. Whiteboard states SI06,"Sand/silt, Sea pens, hermit crab.  Adult blue cod chasing smaller blue cod away on multiple occassions. School sharks observed were swimming too fast to see sex and accurately measure TL or FL. AD_maxN = maxN length for blue cod. Too much sediment in the water column to accurately measure individuals at meancounts 20, 40, 50 minutes",NA,NA,Done,20240418,Alex Burton,Yes,Yes,Yes,Yes,NA,NA,NA,NA,NA,45,"c(166.755516666667, -45.7439166666667)",DZ3
FLD24_S16_R01_H12-01_II01,FLD24,14_II_NR_190224,01_II_NR_190224_PM,Southern Winds,Fiordland,Dusky Sound,Indian Island,S16,R01,IndianIsland_NR_20240219_AM,II1,II01,NA,No,NR,2024,H12-01,H12-01L,H12-01R,2024-02-19T00:00:00Z,20240219,15:19,NA,45,45.666,166,38.788,28,NA,NA,15.7,"20 knt wind, overcast",1 kg crushed skipjack tuna,Good,NA,NA,NA,"Reef, blue cod, stingray, 7gill",NA,NA,Done,NA,Odette Howarth,Yes,Check,Check,Check,NA,yes,NA,eagle -> st ray; dentex -> georgianus,Yes (fixed maxn),28,"c(166.646466666667, -45.7611)",DZ3
FLD24_S16_R02_H12-02_II02,FLD24,14_II_NR_190224,02_II_NR_190224_PM,Southern Winds,Fiordland,Dusky Sound,Indian Island,S16,R02,IndianIsland_NR_20240219_AM,II2,II02,NA,No,NR,2024,H12-02,H12-02L,H12-02R,2024-02-19T00:00:00Z,20240219,15:26,NA,45,45.712,166,38.433,58,57,13.7,15.7,"20 knt wind, overcast",1 kg crushed skipjack tuna,Good,NA,NA,NA,"Sand/silt, blue cod, sea perch",NA,NA,Done,NA,Odette Howarth,Yes,Check,Check,Check,NA,yes,NA,NA,Yes (added percoides),57,"c(166.64055, -45.7618666666667)",DZ3
FLD24_S16_R03_H12-03_II03,FLD24,14_II_NR_190224,03_II_NR_190224_PM,Southern Winds,Fiordland,Dusky Sound,Indian Island,S16,R03,IndianIsland_NR_20240219_AM,II3,II03,NA,No,NR,2024,H12-03,H12-03L,H12-03R,2024-02-19T00:00:00Z,20240219,15:33,NA,45,46.094,166,38.271,37,36,14.5,15.7,"20 knt wind, overcast",1 kg crushed skipjack tuna,Good,NA,NA,NA,"Pretty, reef, blue cod, schoolies, butterfly perch",NA,NA,Done,NA,Odette Howarth,Yes,Check,Check,Check,NA,yes,NA,NA,Yes (fixed maxn),36,"c(166.63785, -45.7682333333333)",DZ3
FLD24_S16_R04_H12-04_II04,FLD24,14_II_NR_190224,04_II_NR_190224_PM,Southern Winds,Fiordland,Dusky Sound,Indian Island,S16,R04,IndianIsland_NR_20240219_AM,II4,II04,NA,No,NR,2024,H12-04,H12-04L,H12-04R,2024-02-19T00:00:00Z,20240219,15:38,NA,45,46.036,166,37.89,41,46,14,15.7,"20 knt wind, overcast",1 kg crushed skipjack tuna,Good,NA,NA,NA,"Very nice! Reef, black coral, blue cod, carpet shark",NA,yes,Done,NA,Odette Howarth,Yes,Check,Check,Check,NA,yes,NA,NA,Yes (fixed maxn),46,"c(166.6315, -45.7672666666667)",DZ3
FLD24_S16_R05_H12-05_II05,FLD24,14_II_NR_190224,05_II_NR_190224_PM,Southern Winds,Fiordland,Dusky Sound,Indian Island,S16,R05,IndianIsland_NR_20240219_AM,II5,II05,NA,No,NR,2024,H12-05,H12-05L,H12-05R,2024-02-19T00:00:00Z,20240219,15:44,NA,45,46.258,166,37.417,27,28,14.8,15.7,"10 knt wind, overcast",1 kg crushed skipjack tuna,Good,NA,NA,NA,"Reef/red algae, blue cod, schoolie, black coral in distance",NA,yes,Done,NA,Odette Howarth,Yes,Check,Check,Check,NA,NA,NA,NA,Yes (corrected meancounts),28,"c(166.623616666667, -45.7709666666667)",DZ3
FLD24_S16_R06_H12-06_II06_TILTED,FLD24,14_II_NR_190224,06_II_NR_190224_PM,Southern Winds,Fiordland,Dusky Sound,Indian Island,S16,R06,IndianIsland_NR_20240219_AM,II6,II06,NA,No,NR,2024,H12-06,H12-06L,H12-06R,2024-02-19T00:00:00Z,20240219,15:51,NA,45,45.91,166,37.448,40,47,14.3,15.7,"10 knt wind, overcast",1 kg crushed skipjack tuna,Good,_TILTED,Tilted upwards but ok,Tilted up,"Reef, blue cod, carpet shark,",NA,NA,Done,NA,Odette Howarth,Yes,Check,Redo,Redo,Random meancount periods,probably ok,NA,NA,Yes (fixed maxn),47,"c(166.624133333333, -45.7651666666667)",DZ3
FLD24_S17_R01_H12-01_LI01,FLD24,15_LI_NR_200224,01_LI_NR_200224_PM,Southern Winds,Fiordland,Dusky Sound,Long Island,S17,R01,LongIsland_NR_20240220_AM,LI01,LI01,NA,No,NR,2024,H12-01,H12-01L,H12-01R,2024-02-20T00:00:00Z,20240220,08:00,NA,45,45.952,166,36.891,14.2,NA,NA,14.6,"Calm, partially overcast",1 kg crushed skipjack tuna,Good,NA,NA,NA,"Sand/silt, blue cod,",NA,NA,Done,NA,Odette Howarth,Yes,Check,Check,Check,NA,probably ok,NA,NA,Yes (fixed maxn),14.2,"c(166.61485, -45.7658666666667)",DZ3
FLD24_S17_R02_H12-02_LI02,FLD24,15_LI_NR_200224,02_LI_NR_200224_PM,Southern Winds,Fiordland,Dusky Sound,Long Island,S17,R02,LongIsland_NR_20240220_AM,LI02,LI02,NA,No,NR,2024,H12-02,H12-02L,H12-02R,2024-02-20T00:00:00Z,20240220,08:05,NA,45,46.256,166,36.627,23.4,30,14.8,14.6,"Calm, partially overcast",1 kg crushed skipjack tuna,Good,NA,NA,NA,"Sand/reef/red algae, carpet shark, stingray, 7gill, few if any blue cod",NA,NA,Done,NA,Odette Howarth,Yes,Check,Check,Check,NA,probably ok,NA,NA,Yes (fixed maxn),30,"c(166.61045, -45.7709333333333)",DZ3
FLD24_S17_R03_H12-03_LI03,FLD24,15_LI_NR_200224,03_LI_NR_200224_PM,Southern Winds,Fiordland,Dusky Sound,Long Island,S17,R03,LongIsland_NR_20240220_AM,LI03,LI03,NA,No,NR,2024,H12-03,H12-03L,H12-03R,2024-02-20T00:00:00Z,20240220,08:12,NA,45,46.344,166,36.016,21.4,23,14.8,14.6,"Calm, partially overcast",1 kg crushed skipjack tuna,Good,NA,NA,NA,"Sand/red algae, carpet shark, blue cod",NA,NA,Done,NA,Odette Howarth,Yes,Check,Check,Check,NA,probably ok,NA,NA,Yes (fixed maxn),23,"c(166.600266666667, -45.7724)",DZ2
FLD24_S17_R04_H12-04_LI04,FLD24,15_LI_NR_200224,04_LI_NR_200224_PM,Southern Winds,Fiordland,Dusky Sound,Long Island,S17,R04,LongIsland_NR_20240220_AM,LI04,LI04,NA,No,NR,2024,H12-04,H12-04L,H12-04R,2024-02-20T00:00:00Z,20240220,08:20,NA,45,46.56,166,36.076,22,25,14.9,14.6,"Calm, partially overcast",1 kg crushed skipjack tuna,Good,NA,NA,NA,"Sand/silt/red algae, schoolie, a few BCO",NA,NA,Done,NA,Odette Howarth,Yes,Check,Check,Check,NA,probably ok,NA,NA,Yes (fixed maxn),25,"c(166.601266666667, -45.776)",DZ2
FLD24_S17_R05_H12-05_LI05_OBSCURED,FLD24,15_LI_NR_200224,05_LI_NR_200224_PM,Southern Winds,Fiordland,Dusky Sound,Long Island,S17,R05,LongIsland_NR_20240220_AM,LI05,LI05,NA,No,NR,2024,H12-05,H12-05L,H12-05R,2024-02-20T00:00:00Z,20240220,08:26,NA,45,46.582,166,36.523,35.6,38,14.5,14.6,"Calm, partially overcast",1 kg crushed skipjack tuna,Good,_OBSCURED,NA,NA,"Sand/silt/reef, sea perch, butterfly perch",NA,NA,Done,NA,Odette Howarth,Yes,Check,Check,Check,NA,probably ok,NA,NA,Yes (fixed maxn),38,"c(166.608716666667, -45.7763666666667)",DZ3
FLD24_S17_R06_H12-06_LI06_LEFTONLY,FLD24,15_LI_NR_200224,06_LI_NR_200224_PM,Southern Winds,Fiordland,Dusky Sound,Long Island,S17,R06,LongIsland_NR_20240220_AM,LI06,LI06,NA,No,NR,2024,H12-06,H12-06L,H12-06R,2024-02-20T00:00:00Z,20240220,08:32,NA,45,46.669,166,36.771,51,69,12,14.6,"Calm, partially overcast",1 kg crushed skipjack tuna,OK,_LEFTONLY,Left videos only,R cam footage is the same as the left cam footage. Files already moved into new directory and measurement file saveds,"Sand/silt, schoolie, hagfish",NA,NA,Done,NA,Odette Howarth,Yes,No,Check,No,Only one video,probably ok,NA,NA,Yes,69,"c(166.61285, -45.7778166666667)",DZ3
FLD24_S18_R01_H12-01_CL01,FLD24,16_CL_NR_200224,01_Cl_NR_200224_MID,Southern Winds,Fiordland,Dusky Sound,Curlew Island,S18,R01,CurlewIsland_NR_20240220_MD,CL01,CL01,NA,No,NR,2024,H12-01,H12-01L,H12-01R,2024-02-20T00:00:00Z,20240220,10:09,NA,45,47.135,166,36.451,38.7,NA,NA,14.9,"Calm, partially overcast",1 kg crushed skipjack tuna,Good,NA,NA,NA,"Boulder, black coral, BCO, 3+ schoolies",NA,yes,Done,NA,Odette Howarth,Yes,Check,Check,Check,NA,yes,NA,NA,Yes (fixed maxn),38.7,"c(166.607516666667, -45.7855833333333)",DZ3
FLD24_S18_R02_H12-02_CL02,FLD24,16_CL_NR_200224,02_Cl_NR_200224_MID,Southern Winds,Fiordland,Dusky Sound,Curlew Island,S18,R02,CurlewIsland_NR_20240220_MD,CL02,CL02,NA,No,NR,2024,H12-02,H12-02L,H12-02R,2024-02-20T00:00:00Z,20240220,11:12,NA,45,47.362,166,36.526,32,42,14,14.9,"Calm, partially overcast, strong outgoing tide",1 kg crushed skipjack tuna,Good,NA,NA,First attempt thwarted by rope hitting rudder; unit retrieved and redeployed at a new site,"Sand/silt, BCO, 2+ carpet shark",NA,NA,Done,NA,Odette Howarth,Yes,Check,Check,Check,NA,yes,NA,NA,Yes (fixed maxn),42,"c(166.608766666667, -45.7893666666667)",DZ3
FLD24_S18_R03_H12-03_CL03,FLD24,16_CL_NR_200224,03_Cl_NR_200224_MID,Southern Winds,Fiordland,Dusky Sound,Curlew Island,S18,R03,CurlewIsland_NR_20240220_MD,CL03,CL03,NA,No,NR,2024,H12-03,H12-03L,H12-03R,2024-02-20T00:00:00Z,20240220,11:19,NA,45,47.887,166,36.718,36.7,38,14.2,14.9,"Calm, partially overcast",1 kg crushed skipjack tuna,Good,NA,NA,Cascade Falls,"Reef/silt, BCO",yes,NA,Done,NA,Odette Howarth,Yes,Check,Check,Check,NA,yes,NA,lenticulatus -> griffini,Yes (fixed maxn),38,"c(166.611966666667, -45.7981166666667)",DZ3
FLD24_S18_R04_H12-04_CL04,FLD24,16_CL_NR_200224,04_Cl_NR_200224_MID,Southern Winds,Fiordland,Dusky Sound,Curlew Island,S18,R04,CurlewIsland_NR_20240220_MD,CL04,CL04,NA,No,NR,2024,H12-04,H12-04L,H12-04R,2024-02-20T00:00:00Z,20240220,11:26,NA,45,48.159,166,35.93,18.4,21,14.9,14.9,"Calm, partially overcast",1 kg crushed skipjack tuna,Good,NA,NA,MaxN + maxN length = 2hrs. Meancount + meancount length = 45minutes,"Sand/silt with algae and a rock. School of unknown fish observered @ P15:09.64. Blue cod cleaning behaviour @ P34:51.59. In some instances female school sharks were going too fast or not the right portion of body was observed to tell individuals apart (could possibly be a maxN of 3). Sharks were disturbing the sediment which made counts and length measurements difficult at times. Male broadnose sevengill being followed by a trevally at P 50:32.66. Both a mature male and possibly mature female broadnose sevengill where seen in multiple frames together. However, there was no signs of the male following/chasing the female or mating attempts. School of trevally started following male broadnose sevengill for breif periods of time. Juvenile maxN length (J_maxN_length) is the same as maxN length for blue cod",NA,NA,Done,20240422,Alex Burton,Yes,Yes,Yes,Yes,NA,NA,NA,NA,NA,21,"c(166.598833333333, -45.80265)",DZ3
FLD24_S18_R05_H12-05_CL05,FLD24,16_CL_NR_200224,05_Cl_NR_200224_MID,Southern Winds,Fiordland,Dusky Sound,Curlew Island,S18,R05,CurlewIsland_NR_20240220_MD,CL05,CL05,NA,No,NR,2024,H12-05,H12-05L,H12-05R,2024-02-20T00:00:00Z,20240220,11:32,NA,45,48.317,166,35.288,30.4,33,14.7,14.9,"Calm, partially overcast",1 kg crushed skipjack tuna,Good,NA,NA,NA,"Sand/silt, Small unknown fish @ P10:14.18 - sandburrower/fish? label sp. Another unknown fish species @ P15:47.01 - label sp1. School of fish @ P29:07.98. Gemfish/barracuda @ P38:47.46 - label Sp2. Schoo of fast moving elongated silver fish @ 41:42.20. Labelled Sp3. Broadnose sevengill chasing a blue cod @ P42:50.74. 2x hagfish @ P57:19.84",NA,NA,Done,20240222,Alex Burton,Yes,Yes,Yes,Yes,NA,NA,NA,NA,NA,33,"c(166.588133333333, -45.8052833333333)",DZ3
FLD24_S18_R06_H12-06_CL06,FLD24,16_CL_NR_200224,06_Cl_NR_200224_MID,Southern Winds,Fiordland,Dusky Sound,Curlew Island,S18,R06,CurlewIsland_NR_20240220_MD,CL06,CL06,NA,No,NR,2024,H12-06,H12-06L,H12-06R,2024-02-20T00:00:00Z,20240220,11:40,NA,45,47.639,166,35.938,65,68,11.8,15.1,"Calm, partially overcast",1 kg crushed skipjack tuna,Good,NA,NA,NA,"Sand/silt, schoolie",NA,NA,Done,NA,Odette Howarth,Yes,Check,Check,Check,NA,yes,NA,lenticulatus -> griffini,Yes,68,"c(166.598966666667, -45.7939833333333)",DZ3
FLD24_S19_R01_H12-01_PH01,FLD24,17_PH_NR_200224,01_PH_NR_200224_PM,Southern Winds,Fiordland,Dusky Sound,Pickersgill Harbour,S19,R01,PickersgillHarbour_NR_20240220_PM,PH01,PH01,NA,No,NR,2024,H12-01,H12-01L,H12-01R,2024-02-20T00:00:00Z,20240220,13:25,NA,45,47.668,166,35.445,31.5,NA,NA,15.4,"Calm, partially overcast",1 kg crushed skipjack tuna,OK,NA,NA,NA,"Sand/silt, 7gill, carpet shark",NA,NA,Done,NA,Odette Howarth,Yes,Check,Check,Check,NA,probably ok,NA,NA,Yes (fixed maxn and meancounts),31.5,"c(166.59075, -45.7944666666667)",DZ2
FLD24_S19_R02_H12-02_PH02_TILTEDDOWN,FLD24,17_PH_NR_200224,02_PH_TILTED_NR_200224_PM,Southern Winds,Fiordland,Dusky Sound,Pickersgill Harbour,S19,R02,PickersgillHarbour_NR_20240220_PM,PH02,PH02,NA,No,NR,2024,H12-02,H12-02L,H12-02R,2024-02-20T00:00:00Z,20240220,13:30,NA,45,47.649,166,35.051,33.4,33,14.6,15.5,"Calm, partially overcast",1 kg crushed skipjack tuna,OK,_TILTEDDOWN,Tilted downwards but ok,NA,"Sand, boulders, BCO, 7gill",NA,NA,Done,NA,Odette Howarth,Yes,Check,Check,Check,NA,probably ok,NA,ciliaris -> colias,Yes (fixed maxn and meancounts),33,"c(166.584183333333, -45.79415)",DZ2
FLD24_S19_R03_H12-03_PH03,FLD24,17_PH_NR_200224,03_PH_NR_200224_PM,Southern Winds,Fiordland,Dusky Sound,Pickersgill Harbour,S19,R03,PickersgillHarbour_NR_20240220_PM,PH03,PH03,NA,No,NR,2024,H12-03,H12-03L,H12-03R,2024-02-20T00:00:00Z,20240220,13:35,NA,45,47.667,166,35.602,38.1,42,13.9,15.5,"Calm, partially overcast",1 kg crushed skipjack tuna,Good,NA,NA,NA,"Sand/silt, BCO, schoolie",NA,NA,Done,NA,Odette Howarth,Yes,Check,Check,Check,NA,probably ok,NA,NA,Yes (fixed maxn),42,"c(166.593366666667, -45.79445)",DZ2
FLD24_S19_R04_H12-04_PH04,FLD24,17_PH_NR_200224,04_PH_NR_200224_PM,Southern Winds,Fiordland,Dusky Sound,Pickersgill Harbour,S19,R04,PickersgillHarbour_NR_20240220_PM,PH04,PH04,NA,No,NR,2024,H12-04,H12-04L,H12-04R,2024-02-20T00:00:00Z,20240220,13:47,NA,45,47.018,166,34.981,30.2,32,14.6,15.4,"Calm, partially overcast, little swell",1 kg crushed skipjack tuna,Good,NA,NA,NA,"Shell, BCO,",NA,NA,Done,NA,Odette Howarth,Yes,Check,Check,Check,NA,probably ok,NA,NA,Yes (fixed maxn and meancounts),32,"c(166.583016666667, -45.7836333333333)",DZ2
FLD24_S19_R05_H12-05_PH05_RIGHTTORCHFAIL,FLD24,17_PH_NR_200224,05_PH_NR_200224_PM,Southern Winds,Fiordland,Dusky Sound,Pickersgill Harbour,S19,R05,PickersgillHarbour_NR_20240220_PM,PH05,PH05,NA,No,NR,2024,H12-05,H12-05L,H12-05R,2024-02-20T00:00:00Z,20240220,14:00,NA,45,46.914,166,36.005,79.9,81,11.7,15.5,"Calm, partially overcast",1 kg crushed skipjack tuna,Good,_RIGHTTORCHFAIL,Right torch failed but ok,Closer to group 17 (Long Island),"Sand/silt, sea perch, schoolie, hagfish",NA,NA,Done,NA,Odette Howarth,Yes,Check,Check,Check,Random meancount frames,yes,NA,lenticulatus -> griffini,Yes (fixed maxn and meancounts),81,"c(166.600083333333, -45.7819)",DZ2
FLD24_S19_R06_H12-06_PH06,FLD24,17_PH_NR_200224,06_PH_NR_200224_PM,Southern Winds,Fiordland,Dusky Sound,Pickersgill Harbour,S19,R06,PickersgillHarbour_NR_20240220_PM,PH06,PH06,NA,No,NR,2024,H12-06,H12-06L,H12-06R,2024-02-20T00:00:00Z,20240220,14:08,NA,45,47.452,166,36.124,78.7,79,11.7,15.5,"Calm, partially overcast",1 kg crushed skipjack tuna,Good,NA,NA,Closer to group 18,"Sand/silt/rock, many sea pens, 7gill, BCO, carpet shark",NA,NA,Done,NA,Odette Howarth,Yes,Check,Check,Check,NA,probably ok,NA,miles removed (it was a seapen),Yes (fixed maxn and meancounts),79,"c(166.602066666667, -45.7908666666667)",DZ3
FLD24_S20_R01_H12-01_DC01,FLD24,18_DC_NR_210224,01_DC_NR_210224_AM,Southern Winds,Fiordland,Dusky Sound,Duck Cove,S20,R01,DuckCove_NR_20240221_AM,DC01,DC01,NA,No,NR,2024,H12-01,H12-01L,H12-01R,2024-02-21T00:00:00Z,20240221,10:05,NA,45,44.818,166,39.4,25,NA,NA,15,"Calm, overcast",1 kg crushed skipjack tuna,Good,NA,NA,Whiteboard mentions Coromarant Cove BRUV 6 20/02/24While film crew were fluffing about.,"Reef/sand, Male and female spottys as well as juvenile and adult gilded and scralet wrasse. Large tarakihi chasing smaller one @ P14:27:07. School of butterfly perch in background @ P50:06:00. For blue cod AD_maxN_length = maxN_length",NA,NA,Done,20240417,Alex Burton,Yes,Yes,Yes,Yes,NA,NA,NA,NA,NA,25,"c(166.656666666667, -45.7469666666667)",DZ3
FLD24_S21_R01_H12-01_ES01,FLD24,19_ES_NR_210224,01_ES_NR_210224_PM,Southern Winds,Fiordland,Dusky Sound,Earshell Cove,S21,R01,EarshellCove_NR_20240221_PM,ES01,ES01,NA,No,NR,2024,H12-01,H12-01L,H12-01R,2024-02-21T00:00:00Z,20240221,16:28,NA,45,43.485,166,35.366,31.2,NA,NA,16.3,"Calm, 5-10 kt, sunny",1 kg crushed skipjack tuna,Good,NA,NA,NA,Opalfish,NA,NA,Done,NA,Odette Howarth,Yes,Check,Check,Check,NA,yes,NA,bachus -> monopterygius,Yes,31.2,"c(166.589433333333, -45.72475)",DZ2
FLD24_S21_R02_H12-02_ES02,FLD24,19_ES_NR_210224,02_ES_NR_210224_PM,Southern Winds,Fiordland,Dusky Sound,Earshell Cove,S21,R02,EarshellCove_NR_20240221_PM,ES02,ES02,NA,No,NR,2024,H12-02,H12-02L,H12-02R,2024-02-21T00:00:00Z,20240221,16:33,NA,45,43.607,166,35.055,41.4,48,12.3,16.5,"Calm, 5-10 kt, sunny",1 kg crushed skipjack tuna,Good,NA,NA,NA,Black coral,NA,yes,Done,NA,Odette Howarth,Yes,Check,Check,Check,NA,probably ok,NA,NA,Yes,48,"c(166.58425, -45.7267833333333)",DZ2
FLD24_S21_R03_H12-03_ES03,FLD24,19_ES_NR_210224,03_ES_NR_210224_PM,Southern Winds,Fiordland,Dusky Sound,Earshell Cove,S21,R03,EarshellCove_NR_20240221_PM,ES03,ES03,NA,No,NR,2024,H12-03,H12-03L,H12-03R,2024-02-21T00:00:00Z,20240221,16:40,NA,45,43.87,166,34.661,17,21,14.3,16.6,"Calm, 5-10 kt, sunny",1 kg crushed skipjack tuna,Good,NA,NA,NA,"Sand/red algae, BCO, kingfish, schoolie",NA,NA,Done,NA,Odette Howarth,Yes,Check,Check,Check,NA,yes,NA,cinctus -> N. cinctus,Yes (fixed maxn),21,"c(166.577683333333, -45.7311666666667)",DZ2
FLD24_S21_R04_H12-04_ES04,FLD24,19_ES_NR_210224,04_ES_NR_210224_PM,Southern Winds,Fiordland,Dusky Sound,Earshell Cove,S21,R04,EarshellCove_NR_20240221_PM,ES04,ES04,NA,No,NR,2024,H12-04,H12-04L,H12-04R,2024-02-21T00:00:00Z,20240221,16:51,NA,45,44.312,166,34.204,22,46,12,16.4,"Calm, 5-10 kt, sunny",1 kg crushed skipjack tuna,Good,NA,NA,NA,"Sand/silt/shell, BCO, black coral, sea pens? 7gill, schoolie",NA,yes,Done,NA,Odette Howarth,Yes,Check,Check,Check,NA,yes,NA,NA,Yes (fixed maxn),46,"c(166.570066666667, -45.7385333333333)",DZ2
FLD24_S21_R05_H12-05_ES05,FLD24,19_ES_NR_210224,05_ES_NR_210224_PM,Southern Winds,Fiordland,Dusky Sound,Earshell Cove,S21,R05,EarshellCove_NR_20240221_PM,ES05,ES05,NA,No,NR,2024,H12-05,H12-05L,H12-05R,2024-02-21T00:00:00Z,20240221,17:01,NA,45,44.592,166,34.412,68,60,11.9,16.3,"Calm, 5-10 kt, sunny",1 kg crushed skipjack tuna,Good,NA,NA,NA,"Sand/silt, very little, opalfish",NA,NA,Done,NA,Odette Howarth,Yes,Check,Check,Check,NA,probably ok,NA,NA,Yes,60,"c(166.573533333333, -45.7432)",DZ2
FLD24_S21_R06_H12-06_ES06_LEFTTORCHFAIL,FLD24,19_ES_NR_210224,06_ES_TORCHFAILLEFT_NR_210224_PM,Southern Winds,Fiordland,Dusky Sound,Earshell Cove,S21,R06,EarshellCove_NR_20240221_PM,ES06,ES06,NA,No,NR,2024,H12-06,H12-06L,H12-06R,2024-02-21T00:00:00Z,20240221,17:19,NA,45,44.862,166,34.558,52.7,NA,NA,16.3,"Calm, 5-10 kt, sunny",1 kg crushed skipjack tuna,OK,_LEFTTORCHFAIL,Left torch fail,NA,"Boulder, BCO",NA,NA,Done,NA,Odette Howarth,Yes,No,Check,No,Only one video,probably ok,NA,NA,Yes,52.7,"c(166.575966666667, -45.7477)",DZ2
FLD24_S22_R01_H12-01_OF01,FLD24,20_OF_NR_220224,01_OF_NR_220224_AM,Southern Winds,Fiordland,Dusky Sound,Outer Five Fingers,S22,R01,FiveFingers_NR_20240222_AM,OF01,OF01,NA,No,NR,2024,H12-01,H12-01L,H12-01R,2024-02-22T00:00:00Z,20240222,08:09,NA,45,43.136,166,29.391,34,NA,NA,15.7,"5-10 kt, slight swell, overcast",1 kg crushed skipjack tuna,Good,NA,NA,NA,"Good vis, 3 school sharks, tarakihi, blue cod, cray",NA,NA,Done,NA,Odette Howarth,Yes,Check,Check,Check,NA,yes,NA,NA,Yes (fixed maxn),34,"c(166.48985, -45.7189333333333)",DZ1
FLD24_S22_R02_H12-02_OF02,FLD24,20_OF_NR_220224,02_OF_NR_220224_AM,Southern Winds,Fiordland,Dusky Sound,Outer Five Fingers,S22,R02,FiveFingers_NR_20240222_AM,OF02,OF02,NA,No,NR,2024,H12-02,H12-02L,H12-02R,2024-02-22T00:00:00Z,20240222,08:15,NA,45,43.431,166,29.035,43,44,12.1,15.7,"5-10 kt, slight swell, overcast",1 kg crushed skipjack tuna,Good,NA,NA,NA,"Sand/rubble. All blue cod scared off @ P21:35.49 - reason unknown. For blue cod, AD_MaxN_length = meancount 50:00:00 length",NA,NA,Done,20240419,Alex Burton,Yes,Yes,Yes,Yes,NA,NA,NA,NA,NA,44,"c(166.483916666667, -45.72385)",DZ1
FLD24_S22_R03_H12-03_OF03,FLD24,20_OF_NR_220224,03_OF_NR_220224_AM,Southern Winds,Fiordland,Dusky Sound,Outer Five Fingers,S22,R03,FiveFingers_NR_20240222_AM,OF03,OF03,NA,No,NR,2024,H12-03,H12-03L,H12-03R,2024-02-22T00:00:00Z,20240222,08:21,NA,45,43.673,166,28.573,22.9,25,12.6,15.7,"5-10 kt, slight swell, overcast",1 kg crushed skipjack tuna,Good,NA,NA,Only one R video,"Rubble with algae. Good visibility. Camera swamped with blue cod at start of transect primarily juveniles. 7 individual school sharks identified, maxN=7. Most observed at any one go was 5. Two rig spotted in the transect, unknown if same individual or not.. Kingfish @ P13:22.27. School of small fish @ P17:19.84. Blue moki @ P29:01.91. J_maxN_length and maxN_length are the same for juvenile blue cod",NA,NA,Done,20240405,Alex Burton/Odette Howarth,Yes,Yes,Yes,Yes,NA,NA,NA,NA,Yes (fixed maxn),25,"c(166.476216666667, -45.7278833333333)",DZ1
FLD24_S22_R04_H12-04_OF04,FLD24,20_OF_NR_220224,04_OF_NR_220224_AM,Southern Winds,Fiordland,Dusky Sound,Outer Five Fingers,S22,R04,FiveFingers_NR_20240222_AM,OF04,OF04,NA,No,NR,2024,H12-04,H12-04L,H12-04R,2024-02-22T00:00:00Z,20240222,08:28,NA,45,43.915,166,28.275,35,34,12.3,15.7,"5-10 kt, slight swell, overcast",1 kg crushed skipjack tuna,Good,NA,NA,NA,"Good vis, 3 school sharks, tarakihi, blue cod",NA,NA,Done,NA,Odette Howarth,Yes,Check,Check,Check,NA,probably ok,NA,NA,Yes (fixed maxn),34,"c(166.47125, -45.7319166666667)",DZ1
FLD24_S22_R05_H12-06_OF05_OBSCURED,FLD24,20_OF_NR_220224,05_OF_NR_220224_AM,Southern Winds,Fiordland,Dusky Sound,Outer Five Fingers,S22,R05,FiveFingers_NR_20240222_AM,OF05,OF05,NA,No,NR,2024,H12-06,H12-06L,H12-06R,2024-02-22T00:00:00Z,20240222,08:35,NA,45,44.035,166,27.902,15,17,13.5,15.7,"5-10 kt, slight swell, overcast",1 kg crushed skipjack tuna,OK,_OBSCURED,Obscured by kelp,NA,Too kelpy,NA,NA,Done,NA,Odette Howarth,Yes,Check,Check,Check,NA,yes,NA,luculentus -> fucicola,Yes (fixed maxn),17,"c(166.465033333333, -45.7339166666667)",DZ1
FLD24_S22_R06_H12-05_OF06,FLD24,20_OF_NR_220224,06_OF_NR_220224_AM,Southern Winds,Fiordland,Dusky Sound,Outer Five Fingers,S22,R06,FiveFingers_NR_20240222_AM,OF06,OF06,NA,No,NR,2024,H12-05,H12-05L,H12-05R,2024-02-22T00:00:00Z,20240222,08:46,NA,45,44.326,166,27.586,31.2,31,12.7,15.7,"5-10 kt, slight swell, overcast",1 kg crushed skipjack tuna,Good,NA,NA,NA,"Good vis, 7gill, schoolie, kingfish",NA,NA,Done,NA,Odette Howarth,Yes,Check,Check,Check,NA,probably ok,NA,NA,Yes (fixed maxn),31,"c(166.459766666667, -45.7387666666667)",DZ1
FLD24_S23_R01_H12-01_FH01_TILTEDDOWN,FLD24,21_FH_NR_220224,01_FH_NR_220224_MID,Southern Winds,Fiordland,Dusky Sound,Fixed Head,S23,R01,FixedHead_NR_20240222_MD,FH01,FH01,NA,No,NR,2024,H12-01,H12-01L,H12-01R,2024-02-22T00:00:00Z,20240222,10:37,NA,45,45.762,166,35.224,25,NA,NA,15.7,"5kt, calm, overcast",1 kg crushed skipjack tuna,OK,_TILTEDDOWN,Tilted downwards but ok,NA,"Downward facing, rocky reef with rubble. 2x black coral seen? Other coral types present as well. Multiple yellowback triplefins spotted @ P28:13.83. Blue cod attacked one of the crayfish @ P28:24.30. MaxN for blue cod same as AD_MaxN",NA,yes,Done,20240417,Alex Burton,Yes,Yes,Yes,Yes,NA,NA,NA,NA,NA,25,"c(166.587066666667, -45.7627)",DZ2
FLD24_S23_R02_H12-02_FH02,FLD24,21_FH_NR_220224,02_FH_NR_220224_MID,Southern Winds,Fiordland,Dusky Sound,Fixed Head,S23,R02,FixedHead_NR_20240222_MD,FH02,FH02,NA,No,NR,2024,H12-02,H12-02L,H12-02R,2024-02-22T00:00:00Z,20240222,10:46,NA,45,45.286,166,36.497,44,45,12.2,15.7,"5kt, calm, overcast",1 kg crushed skipjack tuna,Good,NA,NA,NA,Black coral,NA,yes,Done,NA,Odette Howarth,Yes,Check,Check,Check,NA,yes,NA,NA,Yes,45,"c(166.608283333333, -45.7547666666667)",DZ2
FLD24_S23_R03_H12-03_FH03,FLD24,21_FH_NR_220224,03_FH_NR_220224_MID,Southern Winds,Fiordland,Dusky Sound,Fixed Head,S23,R03,FixedHead_NR_20240222_MD,FH03,FH03,NA,No,NR,2024,H12-03,H12-03L,H12-03R,2024-02-22T00:00:00Z,20240222,10:51,NA,45,44.96,166,36.86,17,18,14.7,15.7,"5kt, calm, overcast",1 kg crushed skipjack tuna,Good,NA,NA,NA,"Red algae, lots of tarakihi, blue cod, 2 x school shark",NA,NA,Done,NA,Odette Howarth,Yes,Check,Check,Check,NA,probably ok,NA,NA,Yes (fixed maxn; added M. scaber),18,"c(166.614333333333, -45.7493333333333)",DZ2
FLD24_S23_R04_H12-04_DC02,FLD24,18_DC_NR_210224,02_DC_NR_220224_MID,Southern Winds,Fiordland,Dusky Sound,Duck Cove,S23,R04,DuckCove_NR_20240222_MD,FH04,DC02,NA,No,NR,2024,H12-04,H12-04L,H12-04R,2024-02-22T00:00:00Z,20240222,11:05,NA,45,44.553,166,39.188,42,46,12,16,"No wind, calm, overcast",1 kg crushed skipjack tuna,Good,NA,NA,Odette used DC04 videos instead. DC02 videos now completed by Alex,"Rocky reef with black coral, S. ericopsis (tree hydroid), and other cndairans (unidentified, possibly some stony corals). Attempted predation of oblique swimming triplefins by a sea perch. Blue cod were also seen chasing scarlet wrasse on multiple occasions",NA,yes,Done,20240627,Alex Burton,Yes,Yes,Yes,Yes,NA,NA,NA,NA,NA,46,"c(166.653133333333, -45.74255)",DZ3
FLD24_S23_R05_H12-05_DC03_OBSCURED,FLD24,18_DC_NR_210224,03_DC_NR_220224_MID,Southern Winds,Fiordland,Dusky Sound,Duck Cove,S23,R05,DuckCove_NR_20240222_MD,FH05,DC03,NA,No,NR,2024,H12-05,H12-05L,H12-05R,2024-02-22T00:00:00Z,20240222,11:09,NA,45,44.815,166,39.123,14,17,14.7,16,"No wind, calm, overcast",1 kg crushed skipjack tuna,OK,_OBSCURED,Obscured by kelp,NA,Obscured by kelp,NA,NA,Done,NA,Odette Howarth,Yes,Check,Check,Check,NA,yes,NA,NA,Yes (fixed maxn),17,"c(166.65205, -45.7469166666667)",DZ3
FLD24_S23_R06_H12-06_DC04,FLD24,18_DC_NR_210224,04_DC_NR_220224_MID,Southern Winds,Fiordland,Dusky Sound,Duck Cove,S23,R06,DuckCove_NR_20240222_MD,FH06,DC04,NA,No,NR,2024,H12-06,H12-06L,H12-06R,2024-02-22T00:00:00Z,20240222,11:13,NA,45,44.928,166,39.482,42,45,12.1,16,"No wind, calm, overcast",1 kg crushed skipjack tuna,Good,NA,NA,In DC folder,Red banded perch,NA,yes,Done,NA,Odette Howarth,Yes,Check,Check,Check,NA,yes,NA,bachus -> barbata,Yes (fixed maxn),45,"c(166.658033333333, -45.7488)",DZ3
FLD24_S24_R01_H12-01_BW01,FLD24,22_BW_NR_220224,01_BW_NR_220224_PM,Southern Winds,Fiordland,Dusky Sound,Bowen Channel,S24,R01,BowenChannel_NR_20240222_PM,BW01,BW01,NA,No,NR,2024,H12-01,H12-01L,H12-01R,2024-02-22T00:00:00Z,20240222,12:49,NA,45,44.383,166,41.826,32.8,NA,NA,16,"10 kt, calm, overcast",1 kg crushed skipjack tuna,Good,NA,Obscured by black coral but OK,NA,"Black coral, girdled wrasse, crayfish",NA,yes,Done,NA,Odette Howarth,Yes,Check,Check,Check,NA,yes,NA,NA,Yes,32.8,"c(166.6971, -45.7397166666667)",DZ3
FLD24_S24_R02_H12-02_BW02,FLD24,22_BW_NR_220224,02_BW_NR_220224_PM,Southern Winds,Fiordland,Dusky Sound,Bowen Channel,S24,R02,BowenChannel_NR_20240222_PM,BW02,BW02,NA,No,NR,2024,H12-02,H12-02L,H12-02R,2024-02-22T00:00:00Z,20240222,12:59,NA,45,43.81,166,42.544,44,53,12,16,"10 kt, calm, overcast",1 kg crushed skipjack tuna,Good,NA,NA,NA,7gill,NA,NA,Done,NA,Odette Howarth,Yes,Check,Check,Check,NA,yes,NA,NA,Yes,53,"c(166.709066666667, -45.7301666666667)",DZ3
FLD24_S24_R03_H12-03_BW03,FLD24,22_BW_NR_220224,03_BW_NR_220224_PM,Southern Winds,Fiordland,Dusky Sound,Bowen Channel,S24,R03,BowenChannel_NR_20240222_PM,BW03,BW03,NA,No,NR,2024,H12-03,H12-03L,H12-03R,2024-02-22T00:00:00Z,20240222,13:03,NA,45,43.773,166,42.918,30,36,12.3,16,"10-15 kt, calm, overcast",1 kg crushed skipjack tuna,Good,NA,NA,NA,"Black coral, sponges",NA,yes,Done,NA,Odette Howarth,Yes,Check,Check,Check,NA,yes,0,NA,Yes,36,"c(166.7153, -45.72955)",DZ3
FLD24_S24_R04_H12-04_BW04,FLD24,22_BW_NR_220224,04_BW_NR_220224_PM,Southern Winds,Fiordland,Dusky Sound,Bowen Channel,S24,R04,BowenChannel_NR_20240222_PM,BW04,BW04,NA,No,NR,2024,H12-04,H12-04L,H12-04R,2024-02-22T00:00:00Z,20240222,13:07,NA,45,43.658,166,43.576,9.5,20,14.3,16.3,"10-15 kt, calm, overcast",1 kg crushed skipjack tuna,Good,NA,NA,NA,"Rocky reef, red algal cover with brown algae towards ledge. Both male and female spotty's observed as well as juvenile and adult scarlet wrasse. Unknown monochanid @ P19:47.59 - M.scaber? School of trevally @ P19:59.77 >37 fish. AD_maxN for blue code same as maxN.",NA,NA,Done,20240419,Alex Burton,Yes,Yes,Yes,Yes,NA,NA,NA,NA,NA,20,"c(166.726266666667, -45.7276333333333)",DZ3
FLD24_S24_R05_H12-05_BW05_TILTEDDOWN,FLD24,22_BW_NR_220224,05_BW_NR_220224_PM,Southern Winds,Fiordland,Dusky Sound,Bowen Channel,S24,R05,BowenChannel_NR_20240222_PM,BW05,BW05,NA,No,NR,2024,H12-05,H12-05L,H12-05R,2024-02-22T00:00:00Z,20240222,13:14,NA,45,44.166,166,43.432,50,51,12,16.3,"10-15 kt, calm, overcast",1 kg crushed skipjack tuna,OK,_TILTEDDOWN,Tilted downwards but ok,NA,"Tilted downwards, red cod, carpet shark",NA,NA,Done,NA,Odette Howarth,Yes,Check,Check,Check,NA,yes,NA,NA,Yes (fixed maxn tarakihi),51,"c(166.723866666667, -45.7361)",DZ3
FLD24_S24_R06_H12-06_BW06,FLD24,22_BW_NR_220224,06_BW_NR_220224_PM,Southern Winds,Fiordland,Dusky Sound,Bowen Channel,S24,R06,BowenChannel_NR_20240222_PM,BW06,BW06,NA,No,NR,2024,H12-06,H12-06L,H12-06R,2024-02-22T00:00:00Z,20240222,13:19,NA,45,44.413,166,43.338,22,22,14.3,16.3,"10-15 kt, calm, overcast",1 kg crushed skipjack tuna,Good,NA,NA,NA,"Good vis, pretty",NA,NA,Done,NA,Odette Howarth,Yes,Check,Check,Check,NA,yes,1,monopterygius -> flavonigrum,Yes,22,"c(166.7223, -45.7402166666667)",DZ3
